{
  "type": "FeatureCollection",
  "generator": "overpass-turbo",
  "copyright": "The data included in this document is from www.openstreetmap.org. The data is made available under ODbL.",
  "timestamp": "2026-08-02T16:51:21Z",
  "features": [
    {
      "type": "Feature",
      "properties": {
        "@id": "node/29392017",
        "amenity": "fuel",
        "brand": "Pertamina",
        "brand:wikidata": "Q1641044",
        "name": "Pertamina",
        "ref": "Cipaganti Atas"
      },
      "geometry": {
        "type": "Point",
        "coordinates": [
          107.6020333,
          -6.8876837
        ]
      },
      "id": "node/29392017"
    },
    {
      "type": "Feature",
      "properties": {
        "@id": "node/29392645",
        "amenity": "fuel",
        "brand": "Pertamina",
        "brand:wikidata": "Q1641044",
        "name": "Pertamina",
        "ref": "Husen Sastranegara"
      },
      "geometry": {
        "type": "Point",
        "coordinates": [
          107.5858523,
          -6.9070048
        ]
      },
      "id": "node/29392645"
    },
    {
      "type": "Feature",
      "properties": {
        "@id": "node/32520380",
        "addr:city": "Bandung",
        "addr:street": "Jalan Pahlawan, Cikutra, Cibeunying Kidul",
        "amenity": "fuel",
        "brand": "Pertamina",
        "brand:wikidata": "Q1641044",
        "fuel:diesel": "yes;lite",
        "fuel:octane_90": "yes",
        "fuel:octane_92": "yes",
        "fuel:solar": "no",
        "name": "Pertamina",
        "opening_hours": "24/7",
        "ref": "34.401.14 Pahlawan"
      },
      "geometry": {
        "type": "Point",
        "coordinates": [
          107.6343231,
          -6.8997316
        ]
      },
      "id": "node/32520380"
    },
    {
      "type": "Feature",
      "properties": {
        "@id": "node/32529107",
        "amenity": "fuel",
        "name": "Pertamina",
        "opening_hours": "24/7",
        "ref": "Dr. Setiabudhi"
      },
      "geometry": {
        "type": "Point",
        "coordinates": [
          107.5987095,
          -6.8806043
        ]
      },
      "id": "node/32529107"
    },
    {
      "type": "Feature",
      "properties": {
        "@id": "node/32529115",
        "amenity": "fuel",
        "brand": "Pertamina",
        "brand:wikidata": "Q1641044",
        "compressed_air": "yes",
        "name": "Pertamina",
        "ref": "Sudirman"
      },
      "geometry": {
        "type": "Point",
        "coordinates": [
          107.5840572,
          -6.9185944
        ]
      },
      "id": "node/32529115"
    },
    {
      "type": "Feature",
      "properties": {
        "@id": "node/321964917",
        "amenity": "fuel",
        "name": "SPBU"
      },
      "geometry": {
        "type": "Point",
        "coordinates": [
          106.8965435,
          -6.371344
        ]
      },
      "id": "node/321964917"
    },
    {
      "type": "Feature",
      "properties": {
        "@id": "node/407492040",
        "amenity": "fuel",
        "name": "SPBU",
        "operator": "PT Pertamina"
      },
      "geometry": {
        "type": "Point",
        "coordinates": [
          106.9336357,
          -6.1324155
        ]
      },
      "id": "node/407492040"
    },
    {
      "type": "Feature",
      "properties": {
        "@id": "node/408183254",
        "amenity": "fuel",
        "brand": "Independent",
        "fuel:biodiesel": "yes",
        "fuel:diesel": "yes",
        "name": "SPBU",
        "opening_hours": "24/7",
        "operator": "SWASTA",
        "shop": "yes"
      },
      "geometry": {
        "type": "Point",
        "coordinates": [
          106.906899,
          -6.129402
        ]
      },
      "id": "node/408183254"
    },
    {
      "type": "Feature",
      "properties": {
        "@id": "node/445615315",
        "amenity": "fuel"
      },
      "geometry": {
        "type": "Point",
        "coordinates": [
          108.2626144,
          -7.6267097
        ]
      },
      "id": "node/445615315"
    },
    {
      "type": "Feature",
      "properties": {
        "@id": "node/445615336",
        "amenity": "fuel",
        "name": "SPBU Ciokong"
      },
      "geometry": {
        "type": "Point",
        "coordinates": [
          108.5883345,
          -7.6756058
        ]
      },
      "id": "node/445615336"
    },
    {
      "type": "Feature",
      "properties": {
        "@id": "node/445615364",
        "amenity": "fuel"
      },
      "geometry": {
        "type": "Point",
        "coordinates": [
          108.474582,
          -7.7217789
        ]
      },
      "id": "node/445615364"
    },
    {
      "type": "Feature",
      "properties": {
        "@id": "node/445615366",
        "amenity": "fuel",
        "name": "SPBU Parigi"
      },
      "geometry": {
        "type": "Point",
        "coordinates": [
          108.5017652,
          -7.6961289
        ]
      },
      "id": "node/445615366"
    },
    {
      "type": "Feature",
      "properties": {
        "@id": "node/445615824",
        "amenity": "fuel",
        "name": "SPBU Babakan"
      },
      "geometry": {
        "type": "Point",
        "coordinates": [
          108.6809261,
          -7.6739227
        ]
      },
      "id": "node/445615824"
    },
    {
      "type": "Feature",
      "properties": {
        "@id": "node/445615828",
        "amenity": "fuel",
        "name": "SPBU Putrapinggan"
      },
      "geometry": {
        "type": "Point",
        "coordinates": [
          108.7050489,
          -7.6713822
        ]
      },
      "id": "node/445615828"
    },
    {
      "type": "Feature",
      "properties": {
        "@id": "node/762015091",
        "amenity": "fuel",
        "brand": "Pertamina",
        "brand:wikidata": "Q1641044",
        "name": "Pertamina"
      },
      "geometry": {
        "type": "Point",
        "coordinates": [
          106.7644442,
          -6.5272514
        ]
      },
      "id": "node/762015091"
    },
    {
      "type": "Feature",
      "properties": {
        "@id": "node/1057058546",
        "amenity": "fuel",
        "brand": "Pertamina",
        "fuel:diesel": "yes",
        "fuel:octane_91": "yes",
        "fuel:octane_92": "yes",
        "fuel:octane_98": "yes",
        "name": "SPBU 34-16107"
      },
      "geometry": {
        "type": "Point",
        "coordinates": [
          106.8132991,
          -6.6188463
        ]
      },
      "id": "node/1057058546"
    },
    {
      "type": "Feature",
      "properties": {
        "@id": "node/1107877728",
        "amenity": "fuel",
        "brand": "Pertamina",
        "brand:wikidata": "Q1641044",
        "name": "Pertamina",
        "ref": "Sunda / Gudang Selatan"
      },
      "geometry": {
        "type": "Point",
        "coordinates": [
          107.6184175,
          -6.9165401
        ]
      },
      "id": "node/1107877728"
    },
    {
      "type": "Feature",
      "properties": {
        "@id": "node/1255595250",
        "amenity": "fuel",
        "brand": "Pertamina",
        "name": "Pertamina",
        "operator": "Pertamina"
      },
      "geometry": {
        "type": "Point",
        "coordinates": [
          106.7539733,
          -6.3454943
        ]
      },
      "id": "node/1255595250"
    },
    {
      "type": "Feature",
      "properties": {
        "@id": "node/1323725296",
        "amenity": "fuel",
        "name": "SPBU Margonda"
      },
      "geometry": {
        "type": "Point",
        "coordinates": [
          106.8303387,
          -6.3838536
        ]
      },
      "id": "node/1323725296"
    },
    {
      "type": "Feature",
      "properties": {
        "@id": "node/1354094577",
        "amenity": "fuel",
        "name": "SPBU Beji"
      },
      "geometry": {
        "type": "Point",
        "coordinates": [
          106.8135231,
          -6.3741972
        ]
      },
      "id": "node/1354094577"
    },
    {
      "type": "Feature",
      "properties": {
        "@id": "node/1432872281",
        "amenity": "fuel",
        "name": "SPBU Sawangan"
      },
      "geometry": {
        "type": "Point",
        "coordinates": [
          106.8057737,
          -6.3967594
        ]
      },
      "id": "node/1432872281"
    },
    {
      "type": "Feature",
      "properties": {
        "@id": "node/1451908147",
        "amenity": "fuel",
        "brand": "Pertamina",
        "brand:wikidata": "Q1641044",
        "name": "Pertamina",
        "operator": "Pertamina",
        "ref": "IPDN Jatinangor"
      },
      "geometry": {
        "type": "Point",
        "coordinates": [
          107.7628755,
          -6.9366919
        ]
      },
      "id": "node/1451908147"
    },
    {
      "type": "Feature",
      "properties": {
        "@id": "node/1556616314",
        "amenity": "fuel",
        "brand": "Pertamina",
        "fuel:octane_100": "yes",
        "fuel:octane_80": "yes",
        "fuel:octane_91": "yes",
        "fuel:octane_92": "yes",
        "fuel:octane_95": "yes",
        "fuel:octane_98": "yes",
        "name": "SPBU 34-16115",
        "opening_hours": "24/7",
        "operator": "Pertamina",
        "shop": "no"
      },
      "geometry": {
        "type": "Point",
        "coordinates": [
          106.7840646,
          -6.5947641
        ]
      },
      "id": "node/1556616314"
    },
    {
      "type": "Feature",
      "properties": {
        "@id": "node/1711312275",
        "amenity": "fuel",
        "brand": "Pertamina"
      },
      "geometry": {
        "type": "Point",
        "coordinates": [
          106.8069993,
          -6.5356301
        ]
      },
      "id": "node/1711312275"
    },
    {
      "type": "Feature",
      "properties": {
        "@id": "node/1743490574",
        "amenity": "fuel",
        "brand": "Pertamina",
        "operator": "Pertamina"
      },
      "geometry": {
        "type": "Point",
        "coordinates": [
          106.8437806,
          -6.6372957
        ]
      },
      "id": "node/1743490574"
    },
    {
      "type": "Feature",
      "properties": {
        "@id": "node/1752235442",
        "amenity": "fuel",
        "name": "SPBU Leuwiliang"
      },
      "geometry": {
        "type": "Point",
        "coordinates": [
          106.6308059,
          -6.5732701
        ]
      },
      "id": "node/1752235442"
    },
    {
      "type": "Feature",
      "properties": {
        "@id": "node/1775532567",
        "amenity": "fuel",
        "brand": "Pertamina",
        "name": "SPBU"
      },
      "geometry": {
        "type": "Point",
        "coordinates": [
          108.1992741,
          -7.3190103
        ]
      },
      "id": "node/1775532567"
    },
    {
      "type": "Feature",
      "properties": {
        "@id": "node/1781964169",
        "amenity": "fuel",
        "name": "Pertamina",
        "ref": "Purbaleunyi 149"
      },
      "geometry": {
        "type": "Point",
        "coordinates": [
          107.6814323,
          -6.9669124
        ]
      },
      "id": "node/1781964169"
    },
    {
      "type": "Feature",
      "properties": {
        "@id": "node/1781984739",
        "amenity": "fuel",
        "name": "Pertamina",
        "operator": "Pertamina"
      },
      "geometry": {
        "type": "Point",
        "coordinates": [
          107.5195617,
          -6.8849894
        ]
      },
      "id": "node/1781984739"
    },
    {
      "type": "Feature",
      "properties": {
        "@id": "node/1783241416",
        "amenity": "fuel",
        "name": "SPBU Pertamina"
      },
      "geometry": {
        "type": "Point",
        "coordinates": [
          107.0419955,
          -6.443295
        ]
      },
      "id": "node/1783241416"
    },
    {
      "type": "Feature",
      "properties": {
        "@id": "node/1789889479",
        "amenity": "fuel"
      },
      "geometry": {
        "type": "Point",
        "coordinates": [
          108.6434231,
          -6.7883697
        ]
      },
      "id": "node/1789889479"
    },
    {
      "type": "Feature",
      "properties": {
        "@id": "node/1789889688",
        "amenity": "fuel"
      },
      "geometry": {
        "type": "Point",
        "coordinates": [
          108.6711135,
          -6.8038735
        ]
      },
      "id": "node/1789889688"
    },
    {
      "type": "Feature",
      "properties": {
        "@id": "node/1807560548",
        "amenity": "fuel"
      },
      "geometry": {
        "type": "Point",
        "coordinates": [
          108.4944089,
          -6.8833246
        ]
      },
      "id": "node/1807560548"
    },
    {
      "type": "Feature",
      "properties": {
        "@id": "node/1807566068",
        "amenity": "fuel",
        "fuel:diesel": "yes",
        "fuel:octane_92": "yes",
        "fuel:octane_95": "yes",
        "name": "SPBU Pertamina 34-45516 Manislor",
        "operator": "Pertamina"
      },
      "geometry": {
        "type": "Point",
        "coordinates": [
          108.4904876,
          -6.9009228
        ]
      },
      "id": "node/1807566068"
    },
    {
      "type": "Feature",
      "properties": {
        "@id": "node/1810330868",
        "amenity": "fuel"
      },
      "geometry": {
        "type": "Point",
        "coordinates": [
          107.7259923,
          -6.5433215
        ]
      },
      "id": "node/1810330868"
    },
    {
      "type": "Feature",
      "properties": {
        "@id": "node/1810561713",
        "amenity": "fuel"
      },
      "geometry": {
        "type": "Point",
        "coordinates": [
          108.2996205,
          -6.7208713
        ]
      },
      "id": "node/1810561713"
    },
    {
      "type": "Feature",
      "properties": {
        "@id": "node/1847844689",
        "amenity": "fuel",
        "brand": "Pertamina",
        "name": "SPBU Ancaran"
      },
      "geometry": {
        "type": "Point",
        "coordinates": [
          108.5228871,
          -6.9731776
        ]
      },
      "id": "node/1847844689"
    },
    {
      "type": "Feature",
      "properties": {
        "@id": "node/1848219193",
        "amenity": "fuel",
        "name": "Pertamina"
      },
      "geometry": {
        "type": "Point",
        "coordinates": [
          106.7993428,
          -6.7521109
        ]
      },
      "id": "node/1848219193"
    },
    {
      "type": "Feature",
      "properties": {
        "@id": "node/1848293575",
        "amenity": "fuel",
        "name": "Pertamina"
      },
      "geometry": {
        "type": "Point",
        "coordinates": [
          106.7967866,
          -6.7673758
        ]
      },
      "id": "node/1848293575"
    },
    {
      "type": "Feature",
      "properties": {
        "@id": "node/1848304237",
        "amenity": "fuel",
        "brand": "Pertamina"
      },
      "geometry": {
        "type": "Point",
        "coordinates": [
          106.7778207,
          -6.796402
        ]
      },
      "id": "node/1848304237"
    },
    {
      "type": "Feature",
      "properties": {
        "@id": "node/1930142130",
        "amenity": "fuel",
        "name": "Pertamina"
      },
      "geometry": {
        "type": "Point",
        "coordinates": [
          107.8534161,
          -6.9949911
        ]
      },
      "id": "node/1930142130"
    },
    {
      "type": "Feature",
      "properties": {
        "@id": "node/1946134221",
        "amenity": "fuel",
        "name": "Pertamina"
      },
      "geometry": {
        "type": "Point",
        "coordinates": [
          107.8526787,
          -6.994982
        ]
      },
      "id": "node/1946134221"
    },
    {
      "type": "Feature",
      "properties": {
        "@id": "node/1954844543",
        "amenity": "fuel",
        "name": "Pertamina",
        "name:en": "Pertamina"
      },
      "geometry": {
        "type": "Point",
        "coordinates": [
          107.8217095,
          -6.966744
        ]
      },
      "id": "node/1954844543"
    },
    {
      "type": "Feature",
      "properties": {
        "@id": "node/1954844568",
        "amenity": "fuel",
        "name": "SPBE"
      },
      "geometry": {
        "type": "Point",
        "coordinates": [
          107.8388089,
          -6.9759495
        ]
      },
      "id": "node/1954844568"
    },
    {
      "type": "Feature",
      "properties": {
        "@id": "node/1954844679",
        "amenity": "fuel",
        "name": "Pertamina"
      },
      "geometry": {
        "type": "Point",
        "coordinates": [
          107.8183436,
          -6.9662688
        ]
      },
      "id": "node/1954844679"
    },
    {
      "type": "Feature",
      "properties": {
        "@id": "node/1954865220",
        "amenity": "fuel",
        "name": "Pertamina",
        "name:en": "Pertamina"
      },
      "geometry": {
        "type": "Point",
        "coordinates": [
          107.8268006,
          -6.9698444
        ]
      },
      "id": "node/1954865220"
    },
    {
      "type": "Feature",
      "properties": {
        "@id": "node/1956516948",
        "amenity": "fuel",
        "brand": "Pertamina",
        "brand:wikidata": "Q1641044",
        "compressed_air": "yes",
        "name": "Pertamina",
        "ref": "COCO Dago Atas"
      },
      "geometry": {
        "type": "Point",
        "coordinates": [
          107.6208132,
          -6.8689864
        ]
      },
      "id": "node/1956516948"
    },
    {
      "type": "Feature",
      "properties": {
        "@id": "node/1994705049",
        "amenity": "fuel",
        "fuel:biodiesel": "yes",
        "fuel:octane_91": "yes",
        "fuel:octane_95": "yes"
      },
      "geometry": {
        "type": "Point",
        "coordinates": [
          107.1474729,
          -6.2976447
        ]
      },
      "id": "node/1994705049"
    },
    {
      "type": "Feature",
      "properties": {
        "@id": "node/1995441372",
        "amenity": "fuel",
        "fuel:biodiesel": "yes",
        "fuel:octane_91": "yes",
        "fuel:octane_95": "yes"
      },
      "geometry": {
        "type": "Point",
        "coordinates": [
          107.1462311,
          -6.2953066
        ]
      },
      "id": "node/1995441372"
    },
    {
      "type": "Feature",
      "properties": {
        "@id": "node/1996265822",
        "amenity": "fuel",
        "fuel:octane_91": "yes",
        "fuel:octane_95": "yes"
      },
      "geometry": {
        "type": "Point",
        "coordinates": [
          107.1649341,
          -6.3100682
        ]
      },
      "id": "node/1996265822"
    },
    {
      "type": "Feature",
      "properties": {
        "@id": "node/1997186267",
        "addr:city": "Bekasi",
        "addr:postcode": "17530",
        "addr:street": "Jalan Raya Cibarusah",
        "amenity": "fuel",
        "brand": "Pertamina",
        "name": "SPBU 34-17504",
        "operator": "Pertamina"
      },
      "geometry": {
        "type": "Point",
        "coordinates": [
          107.148342,
          -6.293699
        ]
      },
      "id": "node/1997186267"
    },
    {
      "type": "Feature",
      "properties": {
        "@id": "node/1997191731",
        "amenity": "fuel",
        "brand": "Pertamina"
      },
      "geometry": {
        "type": "Point",
        "coordinates": [
          107.1647785,
          -6.2812218
        ]
      },
      "id": "node/1997191731"
    },
    {
      "type": "Feature",
      "properties": {
        "@id": "node/2016380280",
        "amenity": "fuel",
        "brand": "Pertamina",
        "brand:wikidata": "Q1641044",
        "fuel:biodiesel": "no",
        "fuel:diesel": "yes",
        "fuel:octane_90": "yes",
        "fuel:octane_92": "yes",
        "fuel:octane_98": "yes",
        "name": "Pertamina",
        "ref": "Surya Sumantri Babakan Jeruk"
      },
      "geometry": {
        "type": "Point",
        "coordinates": [
          107.5816606,
          -6.8890673
        ]
      },
      "id": "node/2016380280"
    },
    {
      "type": "Feature",
      "properties": {
        "@id": "node/2027720866",
        "amenity": "fuel",
        "brand": "Pertamina",
        "name": "SPBU Pertamina"
      },
      "geometry": {
        "type": "Point",
        "coordinates": [
          106.7456337,
          -6.4051845
        ]
      },
      "id": "node/2027720866"
    },
    {
      "type": "Feature",
      "properties": {
        "@id": "node/2050877609",
        "amenity": "fuel",
        "name": "SPBU Limo"
      },
      "geometry": {
        "type": "Point",
        "coordinates": [
          106.7687355,
          -6.3893005
        ]
      },
      "id": "node/2050877609"
    },
    {
      "type": "Feature",
      "properties": {
        "@id": "node/2073000397",
        "amenity": "fuel"
      },
      "geometry": {
        "type": "Point",
        "coordinates": [
          106.7719296,
          -6.3997202
        ]
      },
      "id": "node/2073000397"
    },
    {
      "type": "Feature",
      "properties": {
        "@id": "node/2073000452",
        "amenity": "fuel"
      },
      "geometry": {
        "type": "Point",
        "coordinates": [
          106.771367,
          -6.4008407
        ]
      },
      "id": "node/2073000452"
    },
    {
      "type": "Feature",
      "properties": {
        "@id": "node/2153941874",
        "amenity": "fuel",
        "brand": "Pertamina",
        "fuel:biodiesel": "yes",
        "fuel:lpg": "yes",
        "fuel:octane_91": "yes",
        "fuel:octane_95": "yes"
      },
      "geometry": {
        "type": "Point",
        "coordinates": [
          107.3405942,
          -6.3430341
        ]
      },
      "id": "node/2153941874"
    },
    {
      "type": "Feature",
      "properties": {
        "@id": "node/2154038580",
        "amenity": "fuel",
        "brand": "Pertamina",
        "fuel:biodiesel": "yes",
        "fuel:octane_91": "yes",
        "fuel:octane_95": "yes",
        "name": "SPBU"
      },
      "geometry": {
        "type": "Point",
        "coordinates": [
          107.3682364,
          -6.3674681
        ]
      },
      "id": "node/2154038580"
    },
    {
      "type": "Feature",
      "properties": {
        "@id": "node/2271402995",
        "amenity": "fuel",
        "name": "POM"
      },
      "geometry": {
        "type": "Point",
        "coordinates": [
          106.807647,
          -6.5534016
        ]
      },
      "id": "node/2271402995"
    },
    {
      "type": "Feature",
      "properties": {
        "@id": "node/2279394309",
        "amenity": "fuel",
        "brand": "Pertamina",
        "brand:wikidata": "Q1641044",
        "name": "SPBU Cipanggulaan 34-43311"
      },
      "geometry": {
        "type": "Point",
        "coordinates": [
          106.7639421,
          -6.8218517
        ]
      },
      "id": "node/2279394309"
    },
    {
      "type": "Feature",
      "properties": {
        "@id": "node/2344343593",
        "amenity": "fuel",
        "brand": "Pertamina",
        "name": "SPBU",
        "opening_hours": "24/7",
        "self_service": "no",
        "shop": "yes"
      },
      "geometry": {
        "type": "Point",
        "coordinates": [
          107.8898141,
          -7.2025324
        ]
      },
      "id": "node/2344343593"
    },
    {
      "type": "Feature",
      "properties": {
        "@id": "node/2344420830",
        "amenity": "fuel",
        "brand": "Pertamina",
        "name": "SPBU",
        "opening_hours": "24/7"
      },
      "geometry": {
        "type": "Point",
        "coordinates": [
          107.8904506,
          -7.1797746
        ]
      },
      "id": "node/2344420830"
    },
    {
      "type": "Feature",
      "properties": {
        "@id": "node/2344420832",
        "amenity": "fuel",
        "brand": "Pertamina",
        "fuel:diesel": "yes",
        "fuel:octane_90": "yes",
        "fuel:octane_92": "yes",
        "fuel:octane_98": "yes",
        "name": "SPBU",
        "opening_hours": "24/7"
      },
      "geometry": {
        "type": "Point",
        "coordinates": [
          107.8986825,
          -7.1901089
        ]
      },
      "id": "node/2344420832"
    },
    {
      "type": "Feature",
      "properties": {
        "@id": "node/2362739720",
        "amenity": "fuel",
        "brand": "Pertamina",
        "name": "SPBU"
      },
      "geometry": {
        "type": "Point",
        "coordinates": [
          107.8953417,
          -7.1687214
        ]
      },
      "id": "node/2362739720"
    },
    {
      "type": "Feature",
      "properties": {
        "@id": "node/2420437945",
        "amenity": "fuel"
      },
      "geometry": {
        "type": "Point",
        "coordinates": [
          108.3377495,
          -6.3392921
        ]
      },
      "id": "node/2420437945"
    },
    {
      "type": "Feature",
      "properties": {
        "@id": "node/2500443120",
        "alt_name": "SPBU Cijagra",
        "amenity": "fuel",
        "brand": "Pertamina",
        "brand:wikidata": "Q1641044",
        "name": "Pertamina"
      },
      "geometry": {
        "type": "Point",
        "coordinates": [
          107.625816,
          -6.9492397
        ]
      },
      "id": "node/2500443120"
    },
    {
      "type": "Feature",
      "properties": {
        "@id": "node/2500443121",
        "amenity": "fuel",
        "brand": "Pertamina",
        "brand:wikidata": "Q1641044",
        "name": "Pertamina"
      },
      "geometry": {
        "type": "Point",
        "coordinates": [
          107.6117403,
          -6.9548757
        ]
      },
      "id": "node/2500443121"
    },
    {
      "type": "Feature",
      "properties": {
        "@id": "node/2500443125",
        "addr:city": "Karawang",
        "addr:housenumber": "KM 42",
        "addr:street": "Jalan Tol Jakarta-Cikampek",
        "amenity": "fuel",
        "fuel:diesel": "yes",
        "fuel:octane_88": "yes",
        "fuel:octane_92": "yes",
        "fuel:octane_95": "yes",
        "name": "SPBU 34.413.45",
        "operator": "Pertamina",
        "shop": "convenience",
        "toilets": "yes"
      },
      "geometry": {
        "type": "Point",
        "coordinates": [
          107.2298455,
          -6.3554139
        ]
      },
      "id": "node/2500443125"
    },
    {
      "type": "Feature",
      "properties": {
        "@id": "node/2509858851",
        "amenity": "fuel",
        "fuel:diesel": "yes",
        "name": "SPBU 34-46112",
        "operator": "PT. Pertamina (Persero)"
      },
      "geometry": {
        "type": "Point",
        "coordinates": [
          108.1143098,
          -7.6310915
        ]
      },
      "id": "node/2509858851"
    },
    {
      "type": "Feature",
      "properties": {
        "@id": "node/2639371923",
        "amenity": "fuel"
      },
      "geometry": {
        "type": "Point",
        "coordinates": [
          106.9177516,
          -6.3737153
        ]
      },
      "id": "node/2639371923"
    },
    {
      "type": "Feature",
      "properties": {
        "@id": "node/2640576844",
        "addr:city": "Bojongkulur, Gunungputri, Kabupaten Bogor",
        "addr:postcode": "16969",
        "addr:street": "Jalan Raya Parpostel",
        "amenity": "fuel",
        "name": "SPBU Bojongkulur"
      },
      "geometry": {
        "type": "Point",
        "coordinates": [
          106.9661961,
          -6.3194969
        ]
      },
      "id": "node/2640576844"
    },
    {
      "type": "Feature",
      "properties": {
        "@id": "node/2641719661",
        "amenity": "fuel"
      },
      "geometry": {
        "type": "Point",
        "coordinates": [
          106.9567005,
          -6.302018
        ]
      },
      "id": "node/2641719661"
    },
    {
      "type": "Feature",
      "properties": {
        "@id": "node/2701279836",
        "amenity": "fuel",
        "brand": "Pertamina",
        "brand:wikidata": "Q1641044",
        "name": "Pertamina",
        "ref": "Terminal Sadang Serang"
      },
      "geometry": {
        "type": "Point",
        "coordinates": [
          107.6256199,
          -6.8910576
        ]
      },
      "id": "node/2701279836"
    },
    {
      "type": "Feature",
      "properties": {
        "@id": "node/2746818873",
        "amenity": "fuel",
        "compressed_air": "yes",
        "name": "Pertamina",
        "wheelchair": "limited"
      },
      "geometry": {
        "type": "Point",
        "coordinates": [
          107.7949608,
          -6.9106838
        ]
      },
      "id": "node/2746818873"
    },
    {
      "type": "Feature",
      "properties": {
        "@id": "node/2766239884",
        "amenity": "fuel"
      },
      "geometry": {
        "type": "Point",
        "coordinates": [
          108.0875996,
          -7.0642005
        ]
      },
      "id": "node/2766239884"
    },
    {
      "type": "Feature",
      "properties": {
        "@id": "node/2896451690",
        "amenity": "fuel",
        "name": "SPBU",
        "operator": "Pertamina"
      },
      "geometry": {
        "type": "Point",
        "coordinates": [
          106.9190776,
          -6.9199411
        ]
      },
      "id": "node/2896451690"
    },
    {
      "type": "Feature",
      "properties": {
        "@id": "node/2896455730",
        "amenity": "fuel",
        "name": "SPBU",
        "operator": "Pertamina"
      },
      "geometry": {
        "type": "Point",
        "coordinates": [
          106.962804,
          -6.9177654
        ]
      },
      "id": "node/2896455730"
    },
    {
      "type": "Feature",
      "properties": {
        "@id": "node/2896455944",
        "amenity": "fuel",
        "name": "SPBU",
        "name:en": "Pertamina",
        "opening_hours": "24/7",
        "operator": "Pertamina"
      },
      "geometry": {
        "type": "Point",
        "coordinates": [
          106.94175,
          -6.9221403
        ]
      },
      "id": "node/2896455944"
    },
    {
      "type": "Feature",
      "properties": {
        "@id": "node/2898342403",
        "addr:city": "Sukabumi",
        "addr:district": "Citamiang",
        "addr:postcode": "43143",
        "addr:province": "Jawa Barat",
        "addr:street": "Jalan RH. Didi Sukardi",
        "addr:subdistrict": "Gedongpanjang",
        "amenity": "fuel",
        "brand": "Pertamina",
        "fuel:diesel": "yes",
        "fuel:gasoline": "yes",
        "name": "SPBU Pertamina 34.43107",
        "operator": "Pertamina",
        "self_service": "no"
      },
      "geometry": {
        "type": "Point",
        "coordinates": [
          106.9319309,
          -6.9345552
        ]
      },
      "id": "node/2898342403"
    },
    {
      "type": "Feature",
      "properties": {
        "@id": "node/2924123252",
        "amenity": "fuel",
        "brand": "Pertamina",
        "brand:wikidata": "Q1641044",
        "name": "Pertamina",
        "operator": "Pertamina"
      },
      "geometry": {
        "type": "Point",
        "coordinates": [
          107.4133042,
          -6.8342437
        ]
      },
      "id": "node/2924123252"
    },
    {
      "type": "Feature",
      "properties": {
        "@id": "node/2928627527",
        "amenity": "fuel",
        "brand": "Pertamina",
        "brand:wikidata": "Q1641044",
        "compressed_air": "yes",
        "fuel:biodiesel": "yes",
        "fuel:octane_92": "yes",
        "name": "Pertamina",
        "operator": "Pertamina",
        "ref": "34.405.21"
      },
      "geometry": {
        "type": "Point",
        "coordinates": [
          107.5289228,
          -6.8686026
        ]
      },
      "id": "node/2928627527"
    },
    {
      "type": "Feature",
      "properties": {
        "@id": "node/2932423768",
        "amenity": "fuel",
        "name": "SPBU",
        "operator": "Pertamina"
      },
      "geometry": {
        "type": "Point",
        "coordinates": [
          106.9867172,
          -6.9022043
        ]
      },
      "id": "node/2932423768"
    },
    {
      "type": "Feature",
      "properties": {
        "@id": "node/2932639219",
        "amenity": "fuel",
        "name": "SPBU",
        "operator": "Pertamina"
      },
      "geometry": {
        "type": "Point",
        "coordinates": [
          107.1362096,
          -6.8269923
        ]
      },
      "id": "node/2932639219"
    },
    {
      "type": "Feature",
      "properties": {
        "@id": "node/2941361682",
        "amenity": "fuel",
        "brand": "Pertamina",
        "brand:wikidata": "Q1641044",
        "name": "SPBU",
        "operator": "Pertamina"
      },
      "geometry": {
        "type": "Point",
        "coordinates": [
          107.1751013,
          -6.7846971
        ]
      },
      "id": "node/2941361682"
    },
    {
      "type": "Feature",
      "properties": {
        "@id": "node/2968327804",
        "amenity": "fuel"
      },
      "geometry": {
        "type": "Point",
        "coordinates": [
          106.7782926,
          -6.3962742
        ]
      },
      "id": "node/2968327804"
    },
    {
      "type": "Feature",
      "properties": {
        "@id": "node/3052434975",
        "amenity": "fuel",
        "brand": "Pertamina",
        "name": "Pertamina",
        "opening_hours": "24/7",
        "operator": "Pertamina"
      },
      "geometry": {
        "type": "Point",
        "coordinates": [
          107.0374774,
          -6.2693046
        ]
      },
      "id": "node/3052434975"
    },
    {
      "type": "Feature",
      "properties": {
        "@id": "node/3096058116",
        "amenity": "fuel",
        "name": "Pertamina"
      },
      "geometry": {
        "type": "Point",
        "coordinates": [
          106.7382162,
          -6.5684195
        ]
      },
      "id": "node/3096058116"
    },
    {
      "type": "Feature",
      "properties": {
        "@id": "node/3171743973",
        "amenity": "fuel",
        "brand": "Pertamina",
        "fuel:GTL_diesel": "yes",
        "fuel:biodiesel": "yes",
        "fuel:biogas": "no",
        "fuel:cng": "no",
        "fuel:diesel": "yes",
        "fuel:electricity": "yes",
        "name": "SPBU Pertamina",
        "operator": "pertamina"
      },
      "geometry": {
        "type": "Point",
        "coordinates": [
          106.8238397,
          -6.4654856
        ]
      },
      "id": "node/3171743973"
    },
    {
      "type": "Feature",
      "properties": {
        "@id": "node/3171743974",
        "amenity": "fuel"
      },
      "geometry": {
        "type": "Point",
        "coordinates": [
          106.8220826,
          -6.4722364
        ]
      },
      "id": "node/3171743974"
    },
    {
      "type": "Feature",
      "properties": {
        "@id": "node/3318188326",
        "amenity": "fuel",
        "brand": "Pertamina",
        "brand:wikidata": "Q1641044",
        "name": "SPBU Ongkrak 34.433.13",
        "operator": "Pertamina"
      },
      "geometry": {
        "type": "Point",
        "coordinates": [
          106.7756381,
          -6.8728385
        ]
      },
      "id": "node/3318188326"
    },
    {
      "type": "Feature",
      "properties": {
        "@id": "node/3318188327",
        "amenity": "fuel",
        "brand": "Pertamina",
        "brand:wikidata": "Q1641044",
        "name": "SPBU 3443305",
        "operator": "Pertamina"
      },
      "geometry": {
        "type": "Point",
        "coordinates": [
          106.7645311,
          -6.8520944
        ]
      },
      "id": "node/3318188327"
    },
    {
      "type": "Feature",
      "properties": {
        "@id": "node/3409803927",
        "amenity": "fuel",
        "brand": "Pertamina",
        "brand:wikidata": "Q1641044",
        "brand:wikipedia": "en:Pertamina",
        "name": "Pertamina",
        "operator": "Pertamina",
        "phone": "+62 21 82401075"
      },
      "geometry": {
        "type": "Point",
        "coordinates": [
          107.0167532,
          -6.2679799
        ]
      },
      "id": "node/3409803927"
    },
    {
      "type": "Feature",
      "properties": {
        "@id": "node/3416884281",
        "amenity": "fuel",
        "name": "SPBU 34-17516",
        "operator": "Pertamina"
      },
      "geometry": {
        "type": "Point",
        "coordinates": [
          107.0302086,
          -6.2650489
        ]
      },
      "id": "node/3416884281"
    },
    {
      "type": "Feature",
      "properties": {
        "@id": "node/3426583579",
        "addr:street": "Jalan A.H Nasution",
        "amenity": "fuel",
        "brand": "Pertamina",
        "brand:wikidata": "Q1641044",
        "name": "Pertamina",
        "ref": "Sukamiskin"
      },
      "geometry": {
        "type": "Point",
        "coordinates": [
          107.6734695,
          -6.9045444
        ]
      },
      "id": "node/3426583579"
    },
    {
      "type": "Feature",
      "properties": {
        "@id": "node/3426583583",
        "amenity": "fuel",
        "brand": "Pertamina",
        "brand:wikidata": "Q1641044",
        "name": "Pertamina",
        "ref": "Pasirbiru"
      },
      "geometry": {
        "type": "Point",
        "coordinates": [
          107.7260125,
          -6.9329256
        ]
      },
      "id": "node/3426583583"
    },
    {
      "type": "Feature",
      "properties": {
        "@id": "node/3426583584",
        "amenity": "fuel",
        "brand": "Pertamina",
        "brand:wikidata": "Q1641044",
        "name": "Pertamina",
        "ref": "Cinunuk Cimekar"
      },
      "geometry": {
        "type": "Point",
        "coordinates": [
          107.7340484,
          -6.9387609
        ]
      },
      "id": "node/3426583584"
    },
    {
      "type": "Feature",
      "properties": {
        "@id": "node/3426583585",
        "amenity": "fuel",
        "brand": "Pertamina",
        "brand:wikidata": "Q1641044",
        "name": "Pertamina"
      },
      "geometry": {
        "type": "Point",
        "coordinates": [
          107.7413424,
          -6.9397477
        ]
      },
      "id": "node/3426583585"
    },
    {
      "type": "Feature",
      "properties": {
        "@id": "node/3426585961",
        "amenity": "fuel",
        "branch": "Embah Jaksa Cipadung",
        "brand": "Pertamina",
        "brand:wikidata": "Q1641044",
        "fuel:diesel": "yes",
        "fuel:octane_90": "yes",
        "fuel:octane_92": "yes",
        "fuel:octane_95": "no",
        "fuel:octane_98": "no",
        "name": "Pertamina",
        "ref": "Embah Jaksa Cipadung"
      },
      "geometry": {
        "type": "Point",
        "coordinates": [
          107.7120823,
          -6.9289714
        ]
      },
      "id": "node/3426585961"
    },
    {
      "type": "Feature",
      "properties": {
        "@id": "node/3429603357",
        "amenity": "fuel",
        "brand": "Pertamina",
        "brand:wikidata": "Q1641044",
        "name": "Pertamina"
      },
      "geometry": {
        "type": "Point",
        "coordinates": [
          107.6185972,
          -6.9057833
        ]
      },
      "id": "node/3429603357"
    },
    {
      "type": "Feature",
      "properties": {
        "@id": "node/3483020732",
        "amenity": "fuel",
        "name": "Pertamina",
        "operator": "PT Pertamina"
      },
      "geometry": {
        "type": "Point",
        "coordinates": [
          106.6898502,
          -6.0944642
        ]
      },
      "id": "node/3483020732"
    },
    {
      "type": "Feature",
      "properties": {
        "@id": "node/3483651840",
        "amenity": "fuel",
        "name": "SPBU Pertamina"
      },
      "geometry": {
        "type": "Point",
        "coordinates": [
          106.9244007,
          -6.311208
        ]
      },
      "id": "node/3483651840"
    },
    {
      "type": "Feature",
      "properties": {
        "@id": "node/3492622794",
        "amenity": "fuel",
        "name": "SPBU Pertamina",
        "operator": "PT Pertamina"
      },
      "geometry": {
        "type": "Point",
        "coordinates": [
          106.6854052,
          -6.142002
        ]
      },
      "id": "node/3492622794"
    },
    {
      "type": "Feature",
      "properties": {
        "@id": "node/3621116437",
        "addr:city": "Bekasi",
        "addr:postcode": "17530",
        "addr:street": "Jalan Akses Tol",
        "amenity": "fuel",
        "name": "SPBU 34-17511",
        "operator": "Pertamina"
      },
      "geometry": {
        "type": "Point",
        "coordinates": [
          107.0867893,
          -6.2793186
        ]
      },
      "id": "node/3621116437"
    },
    {
      "type": "Feature",
      "properties": {
        "@id": "node/3621116449",
        "addr:city": "Bekasi",
        "addr:postcode": "17550",
        "addr:street": "Jalan Raya Cibarusah",
        "amenity": "fuel",
        "brand": "Pertamina",
        "brand:wikidata": "Q1641044",
        "brand:wikipedia": "en:Pertamina",
        "name": "Pertamina",
        "operator": "Pertamina",
        "phone": "+62 21 897 4546"
      },
      "geometry": {
        "type": "Point",
        "coordinates": [
          107.1272495,
          -6.3231988
        ]
      },
      "id": "node/3621116449"
    },
    {
      "type": "Feature",
      "properties": {
        "@id": "node/3621116454",
        "addr:city": "Karawang",
        "addr:postcode": "41361",
        "addr:street": "JL Raya Permata KIIC",
        "amenity": "fuel",
        "name": "SPBU 34-41350",
        "operator": "Pertamina",
        "phone": "+62 21 845 3011"
      },
      "geometry": {
        "type": "Point",
        "coordinates": [
          107.2724176,
          -6.3636677
        ]
      },
      "id": "node/3621116454"
    },
    {
      "type": "Feature",
      "properties": {
        "@id": "node/3627922488",
        "addr:housenumber": "KM101",
        "addr:street": "Cikampek - Palimanan (Cikapali)",
        "amenity": "fuel",
        "fuel:diesel": "yes",
        "fuel:diesel_1": "dex",
        "fuel:octane_88": "yes",
        "fuel:octane_92": "yes",
        "name": "SPBU",
        "operator": "Pertamina",
        "shop": "convenience",
        "toilets": "yes"
      },
      "geometry": {
        "type": "Point",
        "coordinates": [
          107.7064153,
          -6.5099589
        ]
      },
      "id": "node/3627922488"
    },
    {
      "type": "Feature",
      "properties": {
        "@id": "node/3627931165",
        "addr:housenumber": "KM 39",
        "addr:street": "Jalan Tol Jakarta-Cikampek",
        "amenity": "fuel",
        "name": "SPBU",
        "operator": "Pertamina"
      },
      "geometry": {
        "type": "Point",
        "coordinates": [
          107.2055078,
          -6.3483283
        ]
      },
      "id": "node/3627931165"
    },
    {
      "type": "Feature",
      "properties": {
        "@id": "node/3640299019",
        "addr:city": "Bekasi",
        "addr:postcode": "17530",
        "addr:street": "Jalan Raya Cibarusah",
        "amenity": "fuel",
        "name": "SPBU 34-17501",
        "opening_hours": "05:00-23:00",
        "operator": "Pertamina"
      },
      "geometry": {
        "type": "Point",
        "coordinates": [
          107.1443556,
          -6.3081632
        ]
      },
      "id": "node/3640299019"
    },
    {
      "type": "Feature",
      "properties": {
        "@id": "node/3640299029",
        "amenity": "fuel",
        "name": "SPBU",
        "operator": "Pertamina"
      },
      "geometry": {
        "type": "Point",
        "coordinates": [
          107.2791657,
          -6.2833104
        ]
      },
      "id": "node/3640299029"
    },
    {
      "type": "Feature",
      "properties": {
        "@id": "node/3664023461",
        "amenity": "fuel",
        "name": "Alam Sari",
        "operator": "Pertamina"
      },
      "geometry": {
        "type": "Point",
        "coordinates": [
          107.9306983,
          -6.8343867
        ]
      },
      "id": "node/3664023461"
    },
    {
      "type": "Feature",
      "properties": {
        "@id": "node/3664052910",
        "amenity": "fuel",
        "name": "Karapyak",
        "operator": "Pertamina"
      },
      "geometry": {
        "type": "Point",
        "coordinates": [
          107.9171856,
          -6.8350684
        ]
      },
      "id": "node/3664052910"
    },
    {
      "type": "Feature",
      "properties": {
        "@id": "node/3664055625",
        "amenity": "fuel",
        "name": "Barak",
        "operator": "Pertamina"
      },
      "geometry": {
        "type": "Point",
        "coordinates": [
          107.9156597,
          -6.8439669
        ]
      },
      "id": "node/3664055625"
    },
    {
      "type": "Feature",
      "properties": {
        "@id": "node/3732365452",
        "amenity": "fuel",
        "brand": "Pertamina",
        "fuel:1_25": "yes",
        "fuel:1_50": "yes",
        "fuel:GTL_diesel": "yes",
        "fuel:HGV_diesel": "yes",
        "fuel:biodiesel": "yes",
        "fuel:biogas": "no",
        "fuel:cng": "no",
        "fuel:diesel": "yes",
        "fuel:electricity": "yes",
        "fuel:lpg": "yes",
        "fuel:octane_100": "yes",
        "fuel:octane_91": "yes",
        "fuel:octane_95": "yes",
        "fuel:octane_98": "yes",
        "name": "SPBU",
        "operator": "PERTAMINA"
      },
      "geometry": {
        "type": "Point",
        "coordinates": [
          107.0891216,
          -6.2772734
        ]
      },
      "id": "node/3732365452"
    },
    {
      "type": "Feature",
      "properties": {
        "@id": "node/3732368813",
        "amenity": "fuel",
        "name": "SPBU",
        "operator": "PERTAMINA"
      },
      "geometry": {
        "type": "Point",
        "coordinates": [
          107.0016759,
          -6.3759985
        ]
      },
      "id": "node/3732368813"
    },
    {
      "type": "Feature",
      "properties": {
        "@id": "node/3733958433",
        "amenity": "fuel",
        "brand": "Pertamina",
        "name": "SPBU",
        "operator": "PERTAMINA"
      },
      "geometry": {
        "type": "Point",
        "coordinates": [
          106.8361109,
          -6.4854654
        ]
      },
      "id": "node/3733958433"
    },
    {
      "type": "Feature",
      "properties": {
        "@id": "node/3734052784",
        "amenity": "fuel",
        "fuel:octane_91": "yes",
        "name": "SPBU Kincir",
        "operator": "PERTAMINA"
      },
      "geometry": {
        "type": "Point",
        "coordinates": [
          106.8036011,
          -6.475931
        ]
      },
      "id": "node/3734052784"
    },
    {
      "type": "Feature",
      "properties": {
        "@id": "node/3740385556",
        "amenity": "fuel",
        "name": "Pertamina 34-17542"
      },
      "geometry": {
        "type": "Point",
        "coordinates": [
          107.0337856,
          -6.2133891
        ]
      },
      "id": "node/3740385556"
    },
    {
      "type": "Feature",
      "properties": {
        "@id": "node/3758480424",
        "amenity": "fuel",
        "fuel:diesel": "yes",
        "fuel:octane_91": "yes"
      },
      "geometry": {
        "type": "Point",
        "coordinates": [
          106.5988294,
          -6.175008
        ]
      },
      "id": "node/3758480424"
    },
    {
      "type": "Feature",
      "properties": {
        "@id": "node/3887175271",
        "amenity": "fuel",
        "operator": "Pertamina"
      },
      "geometry": {
        "type": "Point",
        "coordinates": [
          106.7853419,
          -6.6403074
        ]
      },
      "id": "node/3887175271"
    },
    {
      "type": "Feature",
      "properties": {
        "@id": "node/4028010720",
        "amenity": "fuel",
        "name": "SPBU Pertamina"
      },
      "geometry": {
        "type": "Point",
        "coordinates": [
          107.8503847,
          -6.277896
        ]
      },
      "id": "node/4028010720"
    },
    {
      "type": "Feature",
      "properties": {
        "@id": "node/4143020532",
        "amenity": "fuel",
        "brand": "Pertamina",
        "brand:wikidata": "Q1641044",
        "name": "Pertamina",
        "ref": "Babakan Daese"
      },
      "geometry": {
        "type": "Point",
        "coordinates": [
          107.6440384,
          -6.9223889
        ]
      },
      "id": "node/4143020532"
    },
    {
      "type": "Feature",
      "properties": {
        "@id": "node/4143041693",
        "addr:street": "Jalan Purwakarta",
        "amenity": "fuel",
        "brand": "Pertamina",
        "brand:wikidata": "Q1641044",
        "name": "Pertamina",
        "ref": "Purwakarta"
      },
      "geometry": {
        "type": "Point",
        "coordinates": [
          107.6517728,
          -6.9136217
        ]
      },
      "id": "node/4143041693"
    },
    {
      "type": "Feature",
      "properties": {
        "@id": "node/4143047589",
        "addr:street": "Jalan Raya Kiara Condong",
        "amenity": "fuel",
        "brand": "Pertamina",
        "brand:wikidata": "Q1641044",
        "name": "Pertamina",
        "ref": "Soma Kiaracondong"
      },
      "geometry": {
        "type": "Point",
        "coordinates": [
          107.644464,
          -6.9183776
        ]
      },
      "id": "node/4143047589"
    },
    {
      "type": "Feature",
      "properties": {
        "@id": "node/4143049089",
        "addr:street": "Jalan Terusan Jakarta",
        "amenity": "fuel",
        "brand": "Pertamina",
        "brand:wikidata": "Q1641044",
        "name": "Pertamina",
        "name:it": "Pertamina",
        "ref": "Terusan Jakarta"
      },
      "geometry": {
        "type": "Point",
        "coordinates": [
          107.6589018,
          -6.9136483
        ]
      },
      "id": "node/4143049089"
    },
    {
      "type": "Feature",
      "properties": {
        "@id": "node/4218409991",
        "amenity": "fuel",
        "name": "Pangkalan Ojeg Cilame"
      },
      "geometry": {
        "type": "Point",
        "coordinates": [
          107.842385,
          -7.2004466
        ]
      },
      "id": "node/4218409991"
    },
    {
      "type": "Feature",
      "properties": {
        "@id": "node/4227282492",
        "amenity": "fuel",
        "name": "Pom Bensin Cikembang"
      },
      "geometry": {
        "type": "Point",
        "coordinates": [
          106.7709471,
          -6.9500973
        ]
      },
      "id": "node/4227282492"
    },
    {
      "type": "Feature",
      "properties": {
        "@id": "node/4227305189",
        "amenity": "fuel",
        "name": "Pom Bensin Ciawi"
      },
      "geometry": {
        "type": "Point",
        "coordinates": [
          106.845504,
          -6.6597768
        ]
      },
      "id": "node/4227305189"
    },
    {
      "type": "Feature",
      "properties": {
        "@id": "node/4230893603",
        "amenity": "fuel",
        "name": "SPBU Cikembang to Ubrug"
      },
      "geometry": {
        "type": "Point",
        "coordinates": [
          106.7680292,
          -6.9534398
        ]
      },
      "id": "node/4230893603"
    },
    {
      "type": "Feature",
      "properties": {
        "@id": "node/4230925001",
        "amenity": "fuel",
        "name": "SPBU Cikembang Armed"
      },
      "geometry": {
        "type": "Point",
        "coordinates": [
          106.7682542,
          -6.9532514
        ]
      },
      "id": "node/4230925001"
    },
    {
      "type": "Feature",
      "properties": {
        "@id": "node/4271048933",
        "addr:street": "Jalan Raya Serpong",
        "amenity": "fuel",
        "brand": "SPBU"
      },
      "geometry": {
        "type": "Point",
        "coordinates": [
          106.6725536,
          -6.3389948
        ]
      },
      "id": "node/4271048933"
    },
    {
      "type": "Feature",
      "properties": {
        "@id": "node/4327908913",
        "addr:city": "Bandung",
        "addr:street": "Jl. Rajawali Barat, Maleber, Andir",
        "amenity": "fuel",
        "brand": "Pertamina",
        "brand:wikidata": "Q1641044",
        "name": "Pertamina",
        "name:en": "Pertamina"
      },
      "geometry": {
        "type": "Point",
        "coordinates": [
          107.5746074,
          -6.9129281
        ]
      },
      "id": "node/4327908913"
    },
    {
      "type": "Feature",
      "properties": {
        "@id": "node/4329578164",
        "addr:city": "Bandung",
        "addr:street": "Jl. PH.H. Mustofa, Neglasari, Cibeunying Kaler",
        "amenity": "fuel",
        "name": "Pertamina",
        "not:brand:wikidata": "Q1641044",
        "ref": "34.401.03 Cikutra"
      },
      "geometry": {
        "type": "Point",
        "coordinates": [
          107.6419203,
          -6.8992841
        ]
      },
      "id": "node/4329578164"
    },
    {
      "type": "Feature",
      "properties": {
        "@id": "node/4443241491",
        "amenity": "fuel",
        "name": "SPBU"
      },
      "geometry": {
        "type": "Point",
        "coordinates": [
          106.7893456,
          -6.3181195
        ]
      },
      "id": "node/4443241491"
    },
    {
      "type": "Feature",
      "properties": {
        "@id": "node/4467668251",
        "addr:city": "Cirebon",
        "addr:postcode": "45153",
        "addr:street": "Jalan Brigadir Jenderal Darsono",
        "amenity": "fuel",
        "brand": "Pertamina",
        "brand:website": "https://www.pertamina.com",
        "brand:wikidata": "Q1641044",
        "capacity": "6",
        "fuel:diesel": "yes",
        "fuel:octane_90": "yes",
        "fuel:octane_92": "yes",
        "fuel:octane_98": "yes",
        "full_service": "yes",
        "loc_name": "SPBU Kedawung",
        "name": "SPBU Pertamina",
        "payment:cash": "yes",
        "payment:my_pertamina_app": "yes",
        "ref": "34.451.08"
      },
      "geometry": {
        "type": "Point",
        "coordinates": [
          108.5320862,
          -6.7123924
        ]
      },
      "id": "node/4467668251"
    },
    {
      "type": "Feature",
      "properties": {
        "@id": "node/4472619669",
        "addr:city": "Kota Cirebon",
        "addr:country": "ID",
        "addr:housenumber": "33",
        "addr:province": "Jawa Barat",
        "addr:street": "Jalan Dokter Cipto Mangunkusumo",
        "amenity": "fuel",
        "brand": "Pertamina",
        "compressed_air": "yes",
        "name": "SPBU Pertamina",
        "ref": "34.451.58",
        "shop": "convenience",
        "toilets": "yes"
      },
      "geometry": {
        "type": "Point",
        "coordinates": [
          108.5510332,
          -6.7166823
        ]
      },
      "id": "node/4472619669"
    },
    {
      "type": "Feature",
      "properties": {
        "@id": "node/4472637369",
        "addr:city": "Kota Cirebon",
        "addr:country": "ID",
        "addr:province": "Jawa Barat",
        "addr:street": "Jalan Dokter Cipto Mangunkusumo",
        "amenity": "fuel",
        "brand": "Pertamina",
        "fuel:diesel": "yes",
        "fuel:octane_92": "yes",
        "fuel:octane_98": "yes",
        "name": "SPBU Pertamina",
        "ref": "34.45157"
      },
      "geometry": {
        "type": "Point",
        "coordinates": [
          108.5500385,
          -6.7270487
        ]
      },
      "id": "node/4472637369"
    },
    {
      "type": "Feature",
      "properties": {
        "@id": "node/4587011090",
        "addr:postcode": "15310",
        "addr:street": "Jalan Rawa Buntu",
        "amenity": "fuel",
        "name": "SPBU 34-15322",
        "opening_hours": "24/7",
        "phone": "+62 21 1500 000"
      },
      "geometry": {
        "type": "Point",
        "coordinates": [
          106.6872034,
          -6.3438707
        ]
      },
      "id": "node/4587011090"
    },
    {
      "type": "Feature",
      "properties": {
        "@id": "node/4591958176",
        "amenity": "fuel",
        "brand": "Pertamina",
        "brand:website": "https://www.pertamina.com",
        "brand:wikidata": "Q1641044",
        "fuel:diesel": "yes",
        "fuel:octane_92": "yes",
        "fuel:octane_98": "yes",
        "full_service": "yes",
        "loc_name": "SPBU Plumbon",
        "name": "SPBU Pertamina",
        "operator": "Pertamina",
        "website": "https://mypertamina.id"
      },
      "geometry": {
        "type": "Point",
        "coordinates": [
          108.4808315,
          -6.7012839
        ]
      },
      "id": "node/4591958176"
    },
    {
      "type": "Feature",
      "properties": {
        "@id": "node/4681507834",
        "amenity": "fuel",
        "name": "SPBU 34 - 41216"
      },
      "geometry": {
        "type": "Point",
        "coordinates": [
          107.7157404,
          -6.655829
        ]
      },
      "id": "node/4681507834"
    },
    {
      "type": "Feature",
      "properties": {
        "@id": "node/4681508061",
        "amenity": "fuel",
        "name": "SPBU 34 - 41228"
      },
      "geometry": {
        "type": "Point",
        "coordinates": [
          107.7451499,
          -6.5818404
        ]
      },
      "id": "node/4681508061"
    },
    {
      "type": "Feature",
      "properties": {
        "@id": "node/4681508062",
        "amenity": "fuel",
        "name": "SPBU 34 - 41205"
      },
      "geometry": {
        "type": "Point",
        "coordinates": [
          107.7463108,
          -6.5816576
        ]
      },
      "id": "node/4681508062"
    },
    {
      "type": "Feature",
      "properties": {
        "@id": "node/4682458663",
        "amenity": "fuel",
        "name": "SPBU 34 - 41207"
      },
      "geometry": {
        "type": "Point",
        "coordinates": [
          107.7765817,
          -6.5467753
        ]
      },
      "id": "node/4682458663"
    },
    {
      "type": "Feature",
      "properties": {
        "@id": "node/4684795671",
        "amenity": "fuel",
        "name": "SPBU",
        "operator": "Pertamina"
      },
      "geometry": {
        "type": "Point",
        "coordinates": [
          107.892952,
          -7.2180105
        ]
      },
      "id": "node/4684795671"
    },
    {
      "type": "Feature",
      "properties": {
        "@id": "node/4785672526",
        "amenity": "fuel",
        "name": "Pertamina"
      },
      "geometry": {
        "type": "Point",
        "coordinates": [
          106.8462731,
          -6.4764217
        ]
      },
      "id": "node/4785672526"
    },
    {
      "type": "Feature",
      "properties": {
        "@id": "node/4818670121",
        "amenity": "fuel"
      },
      "geometry": {
        "type": "Point",
        "coordinates": [
          106.965542,
          -6.4310901
        ]
      },
      "id": "node/4818670121"
    },
    {
      "type": "Feature",
      "properties": {
        "@id": "node/4832316137",
        "addr:city": "DKI Jakarta",
        "addr:full": "Jalan Kemang raya",
        "amenity": "fuel",
        "name": "31.127.01",
        "operator": "PT Pertamina",
        "source": "HOT_InAWARESurvey_2017"
      },
      "geometry": {
        "type": "Point",
        "coordinates": [
          106.8188158,
          -6.2735191
        ]
      },
      "id": "node/4832316137"
    },
    {
      "type": "Feature",
      "properties": {
        "@id": "node/4840773555",
        "addr:city": "DKI Jakarta",
        "addr:full": "Jalan Cipinang Jaya Raya",
        "amenity": "fuel",
        "name": "SPBU 34.13413",
        "operator": "PT Pertamina",
        "source": "HOT_InAWARESurvey_2017"
      },
      "geometry": {
        "type": "Point",
        "coordinates": [
          106.8862411,
          -6.2218999
        ]
      },
      "id": "node/4840773555"
    },
    {
      "type": "Feature",
      "properties": {
        "@id": "node/4841133538",
        "addr:city": "DKI Jakarta",
        "addr:full": "Jalan D.I. Panjaitan",
        "amenity": "fuel",
        "brand": "Pertamina",
        "brand:wikidata": "Q1641044",
        "name": "Pertamina",
        "operator": "Pertamina",
        "ref": "34-13417",
        "source": "HOT_InAWARESurvey_2017"
      },
      "geometry": {
        "type": "Point",
        "coordinates": [
          106.8778219,
          -6.2352932
        ]
      },
      "id": "node/4841133538"
    },
    {
      "type": "Feature",
      "properties": {
        "@id": "node/4841684309",
        "addr:city": "DKI Jakarta",
        "addr:full": "Jalan Raya Bekasi",
        "amenity": "fuel",
        "brand": "Pertamina",
        "brand:wikidata": "Q1641044",
        "name": "Pertamina",
        "operator": "PT Pertamina",
        "ref": "SPBU 34-13910",
        "source": "HOT_InAWARESurvey_2017"
      },
      "geometry": {
        "type": "Point",
        "coordinates": [
          106.9480772,
          -6.1854894
        ]
      },
      "id": "node/4841684309"
    },
    {
      "type": "Feature",
      "properties": {
        "@id": "node/4841684319",
        "addr:city": "DKI Jakarta",
        "addr:full": "Jalan Raya Bekasi",
        "addr:housenumber": "23",
        "addr:postcode": "13910",
        "addr:street": "Bekasi Raya",
        "amenity": "fuel",
        "fuel:diesel": "yes",
        "fuel:octane_92": "yes",
        "fuel:octane_95": "yes",
        "name": "SPBU 10048251",
        "opening_hours": "Mo-Su 06:00-24:00",
        "operator": "PT Pertamina",
        "phone": "+62 21 4682 5508",
        "source": "HOT_InAWARESurvey_2017",
        "toilets": "yes"
      },
      "geometry": {
        "type": "Point",
        "coordinates": [
          106.9445459,
          -6.1843023
        ]
      },
      "id": "node/4841684319"
    },
    {
      "type": "Feature",
      "properties": {
        "@id": "node/4849205567",
        "addr:city": "DKI Jakarta",
        "addr:full": "Jalan KH .Mas Mansyur",
        "amenity": "fuel",
        "brand": "Pertamina",
        "brand:wikidata": "Q1641044",
        "name": "Pertamina",
        "operator": "PT Pertamina",
        "ref": "34 10203",
        "source": "HOT_InAWARESurvey_2017"
      },
      "geometry": {
        "type": "Point",
        "coordinates": [
          106.8139672,
          -6.1970882
        ]
      },
      "id": "node/4849205567"
    },
    {
      "type": "Feature",
      "properties": {
        "@id": "node/4849427752",
        "addr:city": "DKI Jakarta",
        "addr:full": "Jalan Jendral Ahmad Yani",
        "amenity": "fuel",
        "brand": "Pertamina",
        "name": "SPBU Pertamina 34-10504",
        "operator": "PT Pertamina",
        "source": "HOT_InAWARESurvey_2017"
      },
      "geometry": {
        "type": "Point",
        "coordinates": [
          106.8750376,
          -6.1848315
        ]
      },
      "id": "node/4849427752"
    },
    {
      "type": "Feature",
      "properties": {
        "@id": "node/4855236364",
        "addr:city": "DKI Jakarta",
        "addr:full": "Jalan Palmerah Utara III No.1",
        "amenity": "fuel",
        "name": "SPBU 34.11405",
        "operator": "PT Pertamina",
        "source": "HOT_InAWARESurvey_2017"
      },
      "geometry": {
        "type": "Point",
        "coordinates": [
          106.7970228,
          -6.2036587
        ]
      },
      "id": "node/4855236364"
    },
    {
      "type": "Feature",
      "properties": {
        "@id": "node/4855915799",
        "addr:city": "DKI Jakarta",
        "addr:full": "Jalan Kembangan Raya",
        "amenity": "fuel",
        "brand": "Shell",
        "brand:wikidata": "Q110716465",
        "name": "Shell",
        "operator": "Shell",
        "source": "HOT_InAWARESurvey_2017"
      },
      "geometry": {
        "type": "Point",
        "coordinates": [
          106.7365457,
          -6.1845383
        ]
      },
      "id": "node/4855915799"
    },
    {
      "type": "Feature",
      "properties": {
        "@id": "node/4859352224",
        "addr:city": "DKI Jakarta",
        "addr:full": "Jalan Raya Puri Kembangan",
        "amenity": "fuel",
        "name": "SPBU 34 11602",
        "operator": "PT Pertamina",
        "source": "HOT_InAWARESurvey_2017"
      },
      "geometry": {
        "type": "Point",
        "coordinates": [
          106.7486143,
          -6.1789556
        ]
      },
      "id": "node/4859352224"
    },
    {
      "type": "Feature",
      "properties": {
        "@id": "node/4859352278",
        "addr:city": "DKI Jakarta",
        "addr:full": "Jalan Raya Kembangan Selatan",
        "amenity": "fuel",
        "name": "SPBU 34-11611",
        "operator": "PT Pertamina",
        "source": "HOT_InAWARESurvey_2017"
      },
      "geometry": {
        "type": "Point",
        "coordinates": [
          106.7253569,
          -6.1868261
        ]
      },
      "id": "node/4859352278"
    },
    {
      "type": "Feature",
      "properties": {
        "@id": "node/4863790792",
        "addr:city": "DKI Jakarta",
        "addr:full": "Jalan K.H. Mohammad Mansyur",
        "amenity": "fuel",
        "name": "SPBU 34.112.01",
        "operator": "PT Pertamina",
        "source": "HOT_InAWARESurvey_2017"
      },
      "geometry": {
        "type": "Point",
        "coordinates": [
          106.8071193,
          -6.1555621
        ]
      },
      "id": "node/4863790792"
    },
    {
      "type": "Feature",
      "properties": {
        "@id": "node/4864234327",
        "addr:city": "DKI Jakarta",
        "amenity": "fuel",
        "brand": "Pertamina",
        "brand:wikidata": "Q1641044",
        "name": "Pertamina",
        "operator": "Pertamina",
        "ref": "34 11605",
        "source": "HOT_InAWARESurvey_2017"
      },
      "geometry": {
        "type": "Point",
        "coordinates": [
          106.7517865,
          -6.1972387
        ]
      },
      "id": "node/4864234327"
    },
    {
      "type": "Feature",
      "properties": {
        "@id": "node/4871574186",
        "addr:city": "DKI Jakarta",
        "addr:full": "Jalan Meruya Ilir",
        "amenity": "fuel",
        "name": "SPBU 34-11606",
        "operator": "PT Pertamina",
        "source": "HOT_InAWARESurvey_2017"
      },
      "geometry": {
        "type": "Point",
        "coordinates": [
          106.7602243,
          -6.1982216
        ]
      },
      "id": "node/4871574186"
    },
    {
      "type": "Feature",
      "properties": {
        "@id": "node/4877095390",
        "addr:city": "DKI Jakarta",
        "addr:full": "Jalan Raya Bekasi",
        "amenity": "fuel",
        "brand": "Pertamina",
        "name": "SPBU 34-13908",
        "operator": "PT Pertamina",
        "source": "HOT_InAWARESurvey_2017"
      },
      "geometry": {
        "type": "Point",
        "coordinates": [
          106.9673268,
          -6.1895404
        ]
      },
      "id": "node/4877095390"
    },
    {
      "type": "Feature",
      "properties": {
        "@id": "node/4882725668",
        "addr:city": "DKI Jakarta",
        "addr:full": "Jalan Jalur 20",
        "amenity": "fuel",
        "name": "SPBU 34 11607",
        "operator": "PT Pertamina",
        "source": "HOT_InAWARESurvey_2017"
      },
      "geometry": {
        "type": "Point",
        "coordinates": [
          106.7298389,
          -6.1960559
        ]
      },
      "id": "node/4882725668"
    },
    {
      "type": "Feature",
      "properties": {
        "@id": "node/4883234773",
        "addr:city": "DKI Jakarta",
        "addr:full": "Jalan Abdul Muis No 59",
        "addr:postcode": "10160",
        "amenity": "fuel",
        "fuel:octane_90": "yes",
        "name": "31.102.02",
        "operator": "PT Pertamina",
        "source": "HOT_InAWARESurvey_2017"
      },
      "geometry": {
        "type": "Point",
        "coordinates": [
          106.8181908,
          -6.1785704
        ]
      },
      "id": "node/4883234773"
    },
    {
      "type": "Feature",
      "properties": {
        "@id": "node/4883234775",
        "addr:city": "DKI Jakarta",
        "addr:full": "Jalan Cideng Timur",
        "amenity": "fuel",
        "brand": "Pertamina",
        "brand:wikidata": "Q1641044",
        "brand:wikipedia": "en:Pertamina",
        "name": "34-10205",
        "operator": "PT. Pertamina (Persero)",
        "source": "HOT_InAWARESurvey_2017"
      },
      "geometry": {
        "type": "Point",
        "coordinates": [
          106.8136199,
          -6.1803988
        ]
      },
      "id": "node/4883234775"
    },
    {
      "type": "Feature",
      "properties": {
        "@id": "node/4884738032",
        "addr:city": "DKI Jakarta",
        "addr:full": "Jalan Pemuda",
        "amenity": "fuel",
        "brand": "Pertamina",
        "brand:wikidata": "Q1641044",
        "name": "Pertamina",
        "operator": "Pertamina",
        "ref": "SPBG A.31.03.01",
        "source": "HOT_InAWARESurvey_2017"
      },
      "geometry": {
        "type": "Point",
        "coordinates": [
          106.8997907,
          -6.1930955
        ]
      },
      "id": "node/4884738032"
    },
    {
      "type": "Feature",
      "properties": {
        "@id": "node/4884984709",
        "addr:city": "DKI Jakarta",
        "addr:full": "Jalan Pemuda",
        "amenity": "fuel",
        "brand": "Pertamina",
        "brand:wikidata": "Q1641044",
        "name": "Pertamina",
        "operator": "Pertamina",
        "ref": "13208",
        "source": "HOT_InAWARESurvey_2017"
      },
      "geometry": {
        "type": "Point",
        "coordinates": [
          106.8748459,
          -6.1966305
        ]
      },
      "id": "node/4884984709"
    },
    {
      "type": "Feature",
      "properties": {
        "@id": "node/4887139094",
        "addr:city": "DKI Jakarta",
        "addr:full": "Jalan Di Panjaitan",
        "amenity": "fuel",
        "brand": "Pertamina",
        "brand:wikidata": "Q1641044",
        "name": "Pertamina",
        "operator": "Pertamina",
        "ref": "34 133 02",
        "source": "HOT_InAWARESurvey_2017"
      },
      "geometry": {
        "type": "Point",
        "coordinates": [
          106.8761993,
          -6.2338285
        ]
      },
      "id": "node/4887139094"
    },
    {
      "type": "Feature",
      "properties": {
        "@id": "node/4887170808",
        "addr:city": "DKI Jakarta",
        "addr:full": "Jalan Bungur Besar Raya",
        "amenity": "fuel",
        "name": "SPBU 34-10604",
        "operator": "PT Pertamina",
        "source": "HOT_InAWARESurvey_2017"
      },
      "geometry": {
        "type": "Point",
        "coordinates": [
          106.8426633,
          -6.1677556
        ]
      },
      "id": "node/4887170808"
    },
    {
      "type": "Feature",
      "properties": {
        "@id": "node/4892485177",
        "addr:city": "DKI Jakarta",
        "addr:full": "Jalan Pulo Gebang",
        "amenity": "fuel",
        "name": "SPBU 34-13907",
        "operator": "PT Pertamina",
        "source": "HOT_InAWARESurvey_2017"
      },
      "geometry": {
        "type": "Point",
        "coordinates": [
          106.9539593,
          -6.2078268
        ]
      },
      "id": "node/4892485177"
    },
    {
      "type": "Feature",
      "properties": {
        "@id": "node/4892485669",
        "addr:city": "DKI Jakarta",
        "addr:full": "Jalan Raya Pulo Gebang",
        "amenity": "fuel",
        "name": "SPBU 34-13905",
        "operator": "PT Pertamina",
        "source": "HOT_InAWARESurvey_2017"
      },
      "geometry": {
        "type": "Point",
        "coordinates": [
          106.9559518,
          -6.1997376
        ]
      },
      "id": "node/4892485669"
    },
    {
      "type": "Feature",
      "properties": {
        "@id": "node/4903253111",
        "addr:city": "DKI Jakarta",
        "addr:full": "Jalan Raya PKP",
        "amenity": "fuel",
        "name": "SPBU 34-13709",
        "operator": "PT Pertamina",
        "source": "HOT_InAWARESurvey_2017"
      },
      "geometry": {
        "type": "Point",
        "coordinates": [
          106.8748711,
          -6.3407968
        ]
      },
      "id": "node/4903253111"
    },
    {
      "type": "Feature",
      "properties": {
        "@id": "node/4910065573",
        "addr:city": "DKI Jakarta",
        "addr:full": "Jalan Raya Joglo",
        "amenity": "fuel",
        "name": "SPBU 34-11609",
        "operator": "PT Pertamina",
        "source": "HOT_InAWARESurvey_2017"
      },
      "geometry": {
        "type": "Point",
        "coordinates": [
          106.7309374,
          -6.2191008
        ]
      },
      "id": "node/4910065573"
    },
    {
      "type": "Feature",
      "properties": {
        "@id": "node/4910182664",
        "addr:city": "DKI Jakarta",
        "addr:full": "Jalan Muhammad Kahfi II",
        "amenity": "fuel",
        "name": "SPBU 3412601",
        "operator": "PT Pertamina",
        "source": "HOT_InAWARESurvey_2017"
      },
      "geometry": {
        "type": "Point",
        "coordinates": [
          106.8179439,
          -6.3428676
        ]
      },
      "id": "node/4910182664"
    },
    {
      "type": "Feature",
      "properties": {
        "@id": "node/4910293116",
        "addr:city": "DKI Jakarta",
        "addr:full": "Jalan Meruya Ilir",
        "amenity": "fuel",
        "name": "SPBU",
        "source": "HOT_InAWARESurvey_2017"
      },
      "geometry": {
        "type": "Point",
        "coordinates": [
          106.753381,
          -6.1976979
        ]
      },
      "id": "node/4910293116"
    },
    {
      "type": "Feature",
      "properties": {
        "@id": "node/4913949474",
        "addr:city": "DKI Jakarta",
        "addr:full": "Jalan Swadarma Raya",
        "amenity": "fuel",
        "name": "SPBU 34 11604",
        "operator": "PT Pertamina",
        "source": "HOT_InAWARESurvey_2017"
      },
      "geometry": {
        "type": "Point",
        "coordinates": [
          106.7604913,
          -6.2189393
        ]
      },
      "id": "node/4913949474"
    },
    {
      "type": "Feature",
      "properties": {
        "@id": "node/4913949515",
        "addr:city": "DKI Jakarta",
        "addr:full": "Jalan Raya Pos Pengumben",
        "amenity": "fuel",
        "brand": "Pertamina",
        "brand:wikidata": "Q1641044",
        "name": "Pertamina",
        "operator": "pertamina",
        "ref": "34 11608",
        "source": "HOT_InAWARESurvey_2017"
      },
      "geometry": {
        "type": "Point",
        "coordinates": [
          106.763519,
          -6.2173356
        ]
      },
      "id": "node/4913949515"
    },
    {
      "type": "Feature",
      "properties": {
        "@id": "node/4916416966",
        "addr:city": "DKI Jakarta",
        "addr:full": "Jalan Daan Mogot",
        "amenity": "fuel",
        "name": "SPBU Pertamina 31.118-02",
        "operator": "PT Pertamina",
        "source": "HOT_InAWARESurvey_2017"
      },
      "geometry": {
        "type": "Point",
        "coordinates": [
          106.7112324,
          -6.1551928
        ]
      },
      "id": "node/4916416966"
    },
    {
      "type": "Feature",
      "properties": {
        "@id": "node/4916416974",
        "addr:city": "DKI Jakarta",
        "addr:full": "Jalan Daan Mogot",
        "amenity": "fuel",
        "name": "SPBU Pertamina 31.B.114.02",
        "operator": "PT Pertamina",
        "source": "HOT_InAWARESurvey_2017"
      },
      "geometry": {
        "type": "Point",
        "coordinates": [
          106.7117393,
          -6.1551074
        ]
      },
      "id": "node/4916416974"
    },
    {
      "type": "Feature",
      "properties": {
        "@id": "node/4918138365",
        "addr:city": "DKI Jakarta",
        "addr:full": "Jalan Mayjend D.I. Panjaitan, Kelurahan Kebon Pala, Kecamatan Makasar, Jakarta Timur",
        "amenity": "fuel",
        "name": "SPBT Kemhan",
        "operator": "PT Pertamina",
        "source": "HOT_InAWARESurvey_2017"
      },
      "geometry": {
        "type": "Point",
        "coordinates": [
          106.8779252,
          -6.2427738
        ]
      },
      "id": "node/4918138365"
    },
    {
      "type": "Feature",
      "properties": {
        "@id": "node/4918263355",
        "addr:city": "DKI Jakarta",
        "addr:full": "Jalan Panjang Raya",
        "amenity": "fuel",
        "name": "34 - 11509",
        "operator": "PT Pertamina",
        "source": "HOT_InAWARESurvey_2017"
      },
      "geometry": {
        "type": "Point",
        "coordinates": [
          106.7724768,
          -6.2127071
        ]
      },
      "id": "node/4918263355"
    },
    {
      "type": "Feature",
      "properties": {
        "@id": "node/4918290669",
        "addr:city": "DKI Jakarta",
        "addr:full": "Jalan Daan Mogot",
        "amenity": "fuel",
        "name": "SPBU Pertamina 31-118-03",
        "operator": "PT Pertamina",
        "source": "HOT_InAWARESurvey_2017"
      },
      "geometry": {
        "type": "Point",
        "coordinates": [
          106.6928621,
          -6.1589708
        ]
      },
      "id": "node/4918290669"
    },
    {
      "type": "Feature",
      "properties": {
        "@id": "node/4925980474",
        "addr:city": "DKI Jakarta",
        "addr:full": "Jalan Lebak Bulus Raya",
        "amenity": "fuel",
        "name": "SPBG 31.A.124.02",
        "operator": "PT Pertamina",
        "source": "HOT_InAWARESurvey_2017"
      },
      "geometry": {
        "type": "Point",
        "coordinates": [
          106.7723304,
          -6.2957076
        ]
      },
      "id": "node/4925980474"
    },
    {
      "type": "Feature",
      "properties": {
        "@id": "node/4928014336",
        "addr:city": "DKI Jakarta",
        "addr:full": "Jalan Lenteng Agung",
        "addr:street": "Jalan Tanjung Barat",
        "amenity": "fuel",
        "brand": "Pertamina",
        "brand:wikidata": "Q1641044",
        "name": "Pertamina",
        "operator": "PT Pertamina",
        "source": "HOT_InAWARESurvey_2017"
      },
      "geometry": {
        "type": "Point",
        "coordinates": [
          106.8405986,
          -6.3005094
        ]
      },
      "id": "node/4928014336"
    },
    {
      "type": "Feature",
      "properties": {
        "@id": "node/4928121810",
        "addr:city": "DKI Jakarta",
        "addr:full": "Jalan Karang Tengah Raya",
        "amenity": "fuel",
        "name": "34 12410",
        "operator": "PT Pertamina",
        "source": "HOT_InAWARESurvey_2017"
      },
      "geometry": {
        "type": "Point",
        "coordinates": [
          106.7820615,
          -6.3040855
        ]
      },
      "id": "node/4928121810"
    },
    {
      "type": "Feature",
      "properties": {
        "@id": "node/4928317770",
        "addr:city": "DKI Jakarta",
        "addr:full": "Jalan Husein Sastra Negara",
        "amenity": "fuel",
        "brand": "Pertamina",
        "brand:wikidata": "Q1641044",
        "name": "Pertamina",
        "operator": "Pertamina",
        "ref": "34-15119",
        "source": "HOT_InAWARESurvey_2017"
      },
      "geometry": {
        "type": "Point",
        "coordinates": [
          106.6889191,
          -6.1146753
        ]
      },
      "id": "node/4928317770"
    },
    {
      "type": "Feature",
      "properties": {
        "@id": "node/4956471291",
        "addr:city": "DKI Jakarta",
        "addr:full": "Jalan Jatinegara Timur",
        "amenity": "fuel",
        "name": "SPBU 34-13306",
        "operator": "PT Pertamina",
        "source": "HOT_InAWARESurvey_2017"
      },
      "geometry": {
        "type": "Point",
        "coordinates": [
          106.8677111,
          -6.2197321
        ]
      },
      "id": "node/4956471291"
    },
    {
      "type": "Feature",
      "properties": {
        "@id": "node/4960896352",
        "addr:city": "DKI Jakarta",
        "addr:full": "Jalan Kemanggisan Utama Raya",
        "amenity": "fuel",
        "name": "SPBU 34-11403",
        "operator": "PT Pertamina",
        "source": "HOT_InAWARESurvey_2017"
      },
      "geometry": {
        "type": "Point",
        "coordinates": [
          106.7931524,
          -6.190142
        ]
      },
      "id": "node/4960896352"
    },
    {
      "type": "Feature",
      "properties": {
        "@id": "node/4960896353",
        "addr:city": "DKI Jakarta",
        "addr:full": "Jalan Kemanggisan Utama",
        "amenity": "fuel",
        "name": "SPBU 34.114.07",
        "operator": "PT Pertamina",
        "source": "HOT_InAWARESurvey_2017"
      },
      "geometry": {
        "type": "Point",
        "coordinates": [
          106.7879838,
          -6.188938
        ]
      },
      "id": "node/4960896353"
    },
    {
      "type": "Feature",
      "properties": {
        "@id": "node/4963491597",
        "addr:city": "DKI Jakarta",
        "addr:full": "Jalan I Gusti Ngurah Rai",
        "amenity": "fuel",
        "name": "SPBU 34-13421",
        "operator": "PT Pertamina",
        "source": "HOT_InAWARESurvey_2017"
      },
      "geometry": {
        "type": "Point",
        "coordinates": [
          106.9425823,
          -6.2183322
        ]
      },
      "id": "node/4963491597"
    },
    {
      "type": "Feature",
      "properties": {
        "@id": "node/4965326324",
        "addr:city": "DKI Jakarta",
        "addr:full": "Jalan Muhammad Kahfi I",
        "amenity": "fuel",
        "name": "SPBU 3412606",
        "operator": "PT Pertamina",
        "source": "HOT_InAWARESurvey_2017"
      },
      "geometry": {
        "type": "Point",
        "coordinates": [
          106.8065882,
          -6.333822
        ]
      },
      "id": "node/4965326324"
    },
    {
      "type": "Feature",
      "properties": {
        "@id": "node/4967867344",
        "amenity": "fuel",
        "name": "Pertamina"
      },
      "geometry": {
        "type": "Point",
        "coordinates": [
          107.3836729,
          -7.4952641
        ]
      },
      "id": "node/4967867344"
    },
    {
      "type": "Feature",
      "properties": {
        "@id": "node/4968034605",
        "addr:city": "DKI Jakarta",
        "addr:full": "Jalan Raya Pasar Minggu",
        "amenity": "fuel",
        "brand": "Pertamina",
        "brand:wikidata": "Q1641044",
        "name": "Pertamina",
        "operator": "PT Pertamina",
        "source": "HOT_InAWARESurvey_2017"
      },
      "geometry": {
        "type": "Point",
        "coordinates": [
          106.8465351,
          -6.2740575
        ]
      },
      "id": "node/4968034605"
    },
    {
      "type": "Feature",
      "properties": {
        "@id": "node/4969771444",
        "addr:city": "DKI Jakarta",
        "addr:full": "Jalan Satu Maret",
        "amenity": "fuel",
        "name": "SPBU Pertamina 34-11806",
        "operator": "PT Pertamina",
        "source": "HOT_InAWARESurvey_2017"
      },
      "geometry": {
        "type": "Point",
        "coordinates": [
          106.7033172,
          -6.1303994
        ]
      },
      "id": "node/4969771444"
    },
    {
      "type": "Feature",
      "properties": {
        "@id": "node/4974492290",
        "addr:city": "DKI Jakarta",
        "addr:full": "Jalan Budi Raya",
        "amenity": "fuel",
        "check_date": "2026-04-14",
        "name": "34.11511",
        "operator": "PT Pertamina",
        "source": "HOT_InAWARESurvey_2017"
      },
      "geometry": {
        "type": "Point",
        "coordinates": [
          106.7819424,
          -6.1950484
        ]
      },
      "id": "node/4974492290"
    },
    {
      "type": "Feature",
      "properties": {
        "@id": "node/4974594507",
        "addr:city": "DKI Jakarta",
        "addr:full": "Jalan Peta Utara",
        "amenity": "fuel",
        "brand": "Pertamina",
        "brand:wikidata": "Q1641044",
        "name": "Pertamina",
        "operator": "Pertamina",
        "ref": "34-11801",
        "source": "HOT_InAWARESurvey_2017"
      },
      "geometry": {
        "type": "Point",
        "coordinates": [
          106.6982886,
          -6.1430555
        ]
      },
      "id": "node/4974594507"
    },
    {
      "type": "Feature",
      "properties": {
        "@id": "node/4974780407",
        "addr:city": "DKI Jakarta",
        "addr:full": "Jalan Ateri Panjang",
        "amenity": "fuel",
        "brand": "Pertamina",
        "brand:wikidata": "Q1641044",
        "name": "Pertamina",
        "operator": "Pertamina",
        "ref": "34.11512",
        "source": "HOT_InAWARESurvey_2017"
      },
      "geometry": {
        "type": "Point",
        "coordinates": [
          106.769136,
          -6.1962238
        ]
      },
      "id": "node/4974780407"
    },
    {
      "type": "Feature",
      "properties": {
        "@id": "node/4974780412",
        "addr:city": "DKI Jakarta",
        "addr:full": "jalan panjang raya",
        "amenity": "fuel",
        "name": "34 11508",
        "operator": "PT Pertamina",
        "source": "HOT_InAWARESurvey_2017"
      },
      "geometry": {
        "type": "Point",
        "coordinates": [
          106.7693039,
          -6.2005263
        ]
      },
      "id": "node/4974780412"
    },
    {
      "type": "Feature",
      "properties": {
        "@id": "node/4974780413",
        "addr:city": "DKI Jakarta",
        "addr:full": "Jalan Kebon Jeruk Raya",
        "amenity": "fuel",
        "name": "34 11505",
        "operator": "PT Pertamina",
        "source": "HOT_InAWARESurvey_2017"
      },
      "geometry": {
        "type": "Point",
        "coordinates": [
          106.7716258,
          -6.1978948
        ]
      },
      "id": "node/4974780413"
    },
    {
      "type": "Feature",
      "properties": {
        "@id": "node/4976384112",
        "addr:city": "DKI Jakarta",
        "addr:full": "Jalan Pusdika",
        "amenity": "fuel",
        "name": "SPBU 34.13706",
        "operator": "PT Pertamina",
        "source": "HOT_InAWARESurvey_2017"
      },
      "geometry": {
        "type": "Point",
        "coordinates": [
          106.8885465,
          -6.3660687
        ]
      },
      "id": "node/4976384112"
    },
    {
      "type": "Feature",
      "properties": {
        "@id": "node/4976447273",
        "addr:city": "DKI Jakarta",
        "addr:full": "Jalan Raya Ciracas",
        "amenity": "fuel",
        "brand": "Pertamina",
        "name": "Pertamina",
        "operator": "PT Pertamina",
        "source": "HOT_InAWARESurvey_2017"
      },
      "geometry": {
        "type": "Point",
        "coordinates": [
          106.8861647,
          -6.3288827
        ]
      },
      "id": "node/4976447273"
    },
    {
      "type": "Feature",
      "properties": {
        "@id": "node/4978664990",
        "addr:city": "DKI Jakarta",
        "addr:full": "Jalan Panjang Arteri Kelapa Dua",
        "amenity": "fuel",
        "name": "34.11507",
        "operator": "PT Pertamina",
        "source": "HOT_InAWARESurvey_2017"
      },
      "geometry": {
        "type": "Point",
        "coordinates": [
          106.7701343,
          -6.2086047
        ]
      },
      "id": "node/4978664990"
    },
    {
      "type": "Feature",
      "properties": {
        "@id": "node/4978664991",
        "addr:city": "DKI Jakarta",
        "addr:full": "Jalan Panjang Arteri Kelapa Dua",
        "amenity": "fuel",
        "brand": "Shell",
        "brand:wikidata": "Q110716465",
        "name": "Shell",
        "operator": "Shell",
        "source": "HOT_InAWARESurvey_2017"
      },
      "geometry": {
        "type": "Point",
        "coordinates": [
          106.7708911,
          -6.2092455
        ]
      },
      "id": "node/4978664991"
    },
    {
      "type": "Feature",
      "properties": {
        "@id": "node/4978679985",
        "addr:city": "DKI Jakarta",
        "addr:full": "Jalan Haji Nawi Raya",
        "amenity": "fuel",
        "name": "34.124.11",
        "operator": "PT Pertamina",
        "source": "HOT_InAWARESurvey_2017"
      },
      "geometry": {
        "type": "Point",
        "coordinates": [
          106.7866507,
          -6.2634862
        ]
      },
      "id": "node/4978679985"
    },
    {
      "type": "Feature",
      "properties": {
        "@id": "node/4978806205",
        "amenity": "fuel",
        "operator": "Pertamina"
      },
      "geometry": {
        "type": "Point",
        "coordinates": [
          107.3958903,
          -6.6365525
        ]
      },
      "id": "node/4978806205"
    },
    {
      "type": "Feature",
      "properties": {
        "@id": "node/4978825621",
        "amenity": "fuel"
      },
      "geometry": {
        "type": "Point",
        "coordinates": [
          107.4043587,
          -6.6253584
        ]
      },
      "id": "node/4978825621"
    },
    {
      "type": "Feature",
      "properties": {
        "@id": "node/4979266363",
        "addr:city": "DKI Jakarta",
        "addr:full": "Jalan Kedoya Raya",
        "amenity": "fuel",
        "name": "34.11506",
        "operator": "PT Pertamina",
        "source": "HOT_InAWARESurvey_2017"
      },
      "geometry": {
        "type": "Point",
        "coordinates": [
          106.7575308,
          -6.1772565
        ]
      },
      "id": "node/4979266363"
    },
    {
      "type": "Feature",
      "properties": {
        "@id": "node/4979266364",
        "addr:city": "DKI Jakarta",
        "addr:full": "Jalan Panjang",
        "amenity": "fuel",
        "name": "34.11510",
        "operator": "PT Pertamina",
        "source": "HOT_InAWARESurvey_2017"
      },
      "geometry": {
        "type": "Point",
        "coordinates": [
          106.7664233,
          -6.180008
        ]
      },
      "id": "node/4979266364"
    },
    {
      "type": "Feature",
      "properties": {
        "@id": "node/4981828257",
        "addr:city": "DKI Jakarta",
        "addr:full": "Jalan Karang Tengah",
        "amenity": "fuel",
        "name": "34-12409",
        "operator": "PT Pertamina",
        "source": "HOT_InAWARESurvey_2017"
      },
      "geometry": {
        "type": "Point",
        "coordinates": [
          106.7807406,
          -6.30926
        ]
      },
      "id": "node/4981828257"
    },
    {
      "type": "Feature",
      "properties": {
        "@id": "node/4981849392",
        "addr:city": "DKI Jakarta",
        "addr:full": "Jalan Raya Cipayung",
        "amenity": "fuel",
        "name": "Pertamina 34-13808",
        "operator": "PT Pertamina",
        "source": "HOT_InAWARESurvey_2017"
      },
      "geometry": {
        "type": "Point",
        "coordinates": [
          106.8888744,
          -6.3319619
        ]
      },
      "id": "node/4981849392"
    },
    {
      "type": "Feature",
      "properties": {
        "@id": "node/4982237083",
        "addr:city": "DKI Jakarta",
        "addr:full": "Jalan Jagakarsa",
        "amenity": "fuel",
        "name": "SPBU 34 - 12608",
        "operator": "PT Pertamina",
        "source": "HOT_InAWARESurvey_2017"
      },
      "geometry": {
        "type": "Point",
        "coordinates": [
          106.8253952,
          -6.3289186
        ]
      },
      "id": "node/4982237083"
    },
    {
      "type": "Feature",
      "properties": {
        "@id": "node/4982237090",
        "addr:city": "DKI Jakarta",
        "addr:full": "Jalan Moh. Kahfi I",
        "amenity": "fuel",
        "name": "SPBU 34 - 12609",
        "operator": "PT Pertamina",
        "source": "HOT_InAWARESurvey_2017"
      },
      "geometry": {
        "type": "Point",
        "coordinates": [
          106.812471,
          -6.3134417
        ]
      },
      "id": "node/4982237090"
    },
    {
      "type": "Feature",
      "properties": {
        "@id": "node/4982237091",
        "addr:city": "DKI Jakarta",
        "addr:full": "Jalan Jagakarsa",
        "amenity": "fuel",
        "name": "SPBU 34 - 12508",
        "operator": "PT Pertamina",
        "source": "HOT_InAWARESurvey_2017"
      },
      "geometry": {
        "type": "Point",
        "coordinates": [
          106.8226555,
          -6.3269965
        ]
      },
      "id": "node/4982237091"
    },
    {
      "type": "Feature",
      "properties": {
        "@id": "node/4982521401",
        "addr:city": "DKI Jakarta",
        "addr:full": "Jalan Benda Raya",
        "amenity": "fuel",
        "name": "SPBU Pertamina 34-11802",
        "operator": "PT Pertamina",
        "source": "HOT_InAWARESurvey_2017"
      },
      "geometry": {
        "type": "Point",
        "coordinates": [
          106.7109293,
          -6.1036527
        ]
      },
      "id": "node/4982521401"
    },
    {
      "type": "Feature",
      "properties": {
        "@id": "node/4984102643",
        "addr:city": "DKI Jakarta",
        "addr:full": "Jalan Kedoya Raya",
        "amenity": "fuel",
        "name": "34.11504",
        "operator": "PT Pertamina",
        "source": "HOT_InAWARESurvey_2017"
      },
      "geometry": {
        "type": "Point",
        "coordinates": [
          106.7619954,
          -6.1889114
        ]
      },
      "id": "node/4984102643"
    },
    {
      "type": "Feature",
      "properties": {
        "@id": "node/4984663538",
        "addr:city": "DKI Jakarta",
        "addr:full": "Jalan Raya Bogor",
        "amenity": "fuel",
        "name": "SPBU 34.16924",
        "operator": "PT Pertamina",
        "source": "HOT_InAWARESurvey_2017"
      },
      "geometry": {
        "type": "Point",
        "coordinates": [
          106.8602613,
          -6.353416
        ]
      },
      "id": "node/4984663538"
    },
    {
      "type": "Feature",
      "properties": {
        "@id": "node/4991460917",
        "amenity": "fuel",
        "layer": "1",
        "name": "SPBU",
        "operator": "PT Pertamina"
      },
      "geometry": {
        "type": "Point",
        "coordinates": [
          106.8909001,
          -6.3400085
        ]
      },
      "id": "node/4991460917"
    },
    {
      "type": "Feature",
      "properties": {
        "@id": "node/4999291232",
        "addr:city": "DKI Jakarta",
        "addr:full": "Jalan Cilandak KKO",
        "amenity": "fuel",
        "brand": "Pertamina",
        "brand:wikidata": "Q1641044",
        "name": "Pertamina",
        "operator": "PT Pertamina",
        "ref": "SPBU 34 - 12507",
        "source": "HOT_InAWARESurvey_2017"
      },
      "geometry": {
        "type": "Point",
        "coordinates": [
          106.8152293,
          -6.296287
        ]
      },
      "id": "node/4999291232"
    },
    {
      "type": "Feature",
      "properties": {
        "@id": "node/4999344621",
        "addr:city": "DKI Jakarta",
        "addr:full": "Jalan Raya Kalimalang",
        "amenity": "fuel",
        "brand": "Pertamina",
        "brand:wikidata": "Q1641044",
        "name": "Pertamina",
        "operator": "PT Pertamina",
        "source": "HOT_InAWARESurvey_2017"
      },
      "geometry": {
        "type": "Point",
        "coordinates": [
          106.9113892,
          -6.2473591
        ]
      },
      "id": "node/4999344621"
    },
    {
      "type": "Feature",
      "properties": {
        "@id": "node/4999344682",
        "addr:city": "DKI Jakarta",
        "addr:full": "Jalan Radin Inten II",
        "amenity": "fuel",
        "brand": "Pertamina",
        "brand:wikidata": "Q1641044",
        "name": "Pertamina",
        "operator": "PT Pertamina",
        "ref": "34-13409",
        "source": "HOT_InAWARESurvey_2017"
      },
      "geometry": {
        "type": "Point",
        "coordinates": [
          106.9231197,
          -6.2257652
        ]
      },
      "id": "node/4999344682"
    },
    {
      "type": "Feature",
      "properties": {
        "@id": "node/4999344688",
        "addr:city": "DKI Jakarta",
        "addr:full": "Jalan Radin Inten II",
        "amenity": "fuel",
        "brand": "Pertamina",
        "brand:wikidata": "Q1641044",
        "name": "Pertamina",
        "operator": "PT Pertamina",
        "ref": "34-13407",
        "source": "HOT_InAWARESurvey_2017"
      },
      "geometry": {
        "type": "Point",
        "coordinates": [
          106.9235654,
          -6.2255124
        ]
      },
      "id": "node/4999344688"
    },
    {
      "type": "Feature",
      "properties": {
        "@id": "node/4999597234",
        "addr:city": "DKI Jakarta",
        "addr:full": "Jalan Moh Kahfi II",
        "amenity": "fuel",
        "name": "SPBU 134 126 10",
        "operator": "PT Pertamina",
        "source": "HOT_InAWARESurvey_2017"
      },
      "geometry": {
        "type": "Point",
        "coordinates": [
          106.8107908,
          -6.3535677
        ]
      },
      "id": "node/4999597234"
    },
    {
      "type": "Feature",
      "properties": {
        "@id": "node/4999597238",
        "addr:city": "DKI Jakarta",
        "addr:full": "Jalan Moh Kahfi I",
        "amenity": "fuel",
        "brand": "Pertamina",
        "name": "SPBU 34 126 11",
        "operator": "PT Pertamina",
        "source": "HOT_InAWARESurvey_2017"
      },
      "geometry": {
        "type": "Point",
        "coordinates": [
          106.8021083,
          -6.3498905
        ]
      },
      "id": "node/4999597238"
    },
    {
      "type": "Feature",
      "properties": {
        "@id": "node/5006207260",
        "addr:city": "DKI Jakarta",
        "addr:full": "Jalan Arjuna Utara",
        "amenity": "fuel",
        "name": "Shell",
        "operator": "Shell",
        "source": "HOT_InAWARESurvey_2017"
      },
      "geometry": {
        "type": "Point",
        "coordinates": [
          106.7716424,
          -6.1890471
        ]
      },
      "id": "node/5006207260"
    },
    {
      "type": "Feature",
      "properties": {
        "@id": "node/5006351548",
        "addr:city": "DKI Jakarta",
        "addr:full": "Jalan Daan Mogot",
        "amenity": "fuel",
        "brand": "Shell",
        "brand:wikidata": "Q110716465",
        "name": "Shell",
        "operator": "Shell",
        "source": "HOT_InAWARESurvey_2017"
      },
      "geometry": {
        "type": "Point",
        "coordinates": [
          106.7743767,
          -6.1635128
        ]
      },
      "id": "node/5006351548"
    },
    {
      "type": "Feature",
      "properties": {
        "@id": "node/5006352161",
        "addr:city": "DKI Jakarta",
        "addr:full": "Jalan Daan Mogot",
        "amenity": "fuel",
        "name": "34.11704",
        "operator": "PT Pertamina",
        "source": "HOT_InAWARESurvey_2017"
      },
      "geometry": {
        "type": "Point",
        "coordinates": [
          106.7765603,
          -6.164141
        ]
      },
      "id": "node/5006352161"
    },
    {
      "type": "Feature",
      "properties": {
        "@id": "node/5006573807",
        "addr:city": "DKI Jakarta",
        "addr:full": "Jalan Raya Bogor",
        "amenity": "fuel",
        "name": "SPBU 34-13704",
        "operator": "PT Pertamina",
        "source": "HOT_InAWARESurvey_2017"
      },
      "geometry": {
        "type": "Point",
        "coordinates": [
          106.8654373,
          -6.3209883
        ]
      },
      "id": "node/5006573807"
    },
    {
      "type": "Feature",
      "properties": {
        "@id": "node/5006840493",
        "addr:city": "DKI Jakarta",
        "addr:full": "Jalan Terogong Raya",
        "amenity": "fuel",
        "name": "34-12407",
        "operator": "PT Pertamina",
        "source": "HOT_InAWARESurvey_2017"
      },
      "geometry": {
        "type": "Point",
        "coordinates": [
          106.7914505,
          -6.2822186
        ]
      },
      "id": "node/5006840493"
    },
    {
      "type": "Feature",
      "properties": {
        "@id": "node/5006840494",
        "addr:city": "DKI Jakarta",
        "addr:full": "Jalan Terogong Raya",
        "amenity": "fuel",
        "name": "Total",
        "source": "HOT_InAWARESurvey_2017"
      },
      "geometry": {
        "type": "Point",
        "coordinates": [
          106.7901349,
          -6.2838156
        ]
      },
      "id": "node/5006840494"
    },
    {
      "type": "Feature",
      "properties": {
        "@id": "node/5009129454",
        "addr:city": "DKI Jakarta",
        "addr:full": "Jalan Kedoya Raya",
        "amenity": "fuel",
        "brand": "Shell",
        "brand:wikidata": "Q110716465",
        "name": "Shell",
        "operator": "Shell",
        "source": "HOT_InAWARESurvey_2017"
      },
      "geometry": {
        "type": "Point",
        "coordinates": [
          106.7613924,
          -6.1688464
        ]
      },
      "id": "node/5009129454"
    },
    {
      "type": "Feature",
      "properties": {
        "@id": "node/5013168986",
        "addr:city": "DKI Jakarta",
        "addr:full": "Jalan Panjang",
        "amenity": "fuel",
        "name": "34.11502",
        "operator": "PT Pertamina",
        "source": "HOT_InAWARESurvey_2017"
      },
      "geometry": {
        "type": "Point",
        "coordinates": [
          106.7635059,
          -6.1654516
        ]
      },
      "id": "node/5013168986"
    },
    {
      "type": "Feature",
      "properties": {
        "@id": "node/5013275447",
        "addr:city": "DKI Jakarta",
        "addr:full": "Jalan Lingkar Barat",
        "amenity": "fuel",
        "brand": "Pertamina",
        "brand:wikidata": "Q1641044",
        "name": "Pertamina",
        "operator": "Pertamina",
        "ref": "34-11714",
        "source": "HOT_InAWARESurvey_2017"
      },
      "geometry": {
        "type": "Point",
        "coordinates": [
          106.7284012,
          -6.1692277
        ]
      },
      "id": "node/5013275447"
    },
    {
      "type": "Feature",
      "properties": {
        "@id": "node/5014048533",
        "amenity": "fuel",
        "brand": "Pertamina",
        "brand:wikidata": "Q1641044",
        "brand:wikipedia": "en:Pertamina",
        "name": "Pertamina",
        "name:en": "Pertamina"
      },
      "geometry": {
        "type": "Point",
        "coordinates": [
          106.632764,
          -6.1607369
        ]
      },
      "id": "node/5014048533"
    },
    {
      "type": "Feature",
      "properties": {
        "@id": "node/5019465646",
        "addr:city": "DKI Jakarta",
        "addr:full": "Jalan Raya Lenteng Agung Barat",
        "amenity": "fuel",
        "name": "SPBU 34 - 12605",
        "operator": "PT Pertamina",
        "source": "HOT_InAWARESurvey_2017"
      },
      "geometry": {
        "type": "Point",
        "coordinates": [
          106.8367946,
          -6.3122487
        ]
      },
      "id": "node/5019465646"
    },
    {
      "type": "Feature",
      "properties": {
        "@id": "node/5019465649",
        "addr:city": "DKI Jakarta",
        "addr:full": "Jalan Raya Lenteng Agung",
        "amenity": "fuel",
        "brand": "Pertamina",
        "brand:wikidata": "Q1641044",
        "compressed_air": "yes",
        "name": "Pertamina",
        "operator": "PT Pertamina",
        "source": "HOT_InAWARESurvey_2017"
      },
      "geometry": {
        "type": "Point",
        "coordinates": [
          106.8365812,
          -6.3182969
        ]
      },
      "id": "node/5019465649"
    },
    {
      "type": "Feature",
      "properties": {
        "@id": "node/5019465651",
        "addr:city": "DKI Jakarta",
        "addr:full": "Jalan Raya Lenteng Agung",
        "amenity": "fuel",
        "name": "SPBU 34 - 12603",
        "operator": "PT Pertamina",
        "source": "HOT_InAWARESurvey_2017"
      },
      "geometry": {
        "type": "Point",
        "coordinates": [
          106.8371236,
          -6.3208332
        ]
      },
      "id": "node/5019465651"
    },
    {
      "type": "Feature",
      "properties": {
        "@id": "node/5023353974",
        "addr:city": "DKI Jakarta",
        "addr:full": "Jalan Tongkol",
        "amenity": "fuel",
        "name": "SPBU 34-14304",
        "operator": "PT Pertamina",
        "source": "HOT_InAWARESurvey_2017"
      },
      "geometry": {
        "type": "Point",
        "coordinates": [
          106.8835214,
          -6.1109176
        ]
      },
      "id": "node/5023353974"
    },
    {
      "type": "Feature",
      "properties": {
        "@id": "node/5023353975",
        "addr:city": "DKI Jakarta",
        "addr:full": "Jalan Enggano",
        "amenity": "fuel",
        "name": "SPBU 34-14308",
        "operator": "PT Pertamina",
        "source": "HOT_InAWARESurvey_2017"
      },
      "geometry": {
        "type": "Point",
        "coordinates": [
          106.8849778,
          -6.1101948
        ]
      },
      "id": "node/5023353975"
    },
    {
      "type": "Feature",
      "properties": {
        "@id": "node/5024153697",
        "addr:city": "DKI Jakarta",
        "addr:full": "Jalan Terminal BUS Kampung Rambutan",
        "amenity": "fuel",
        "name": "SPBG PT Jakarta Utilitas Propertindo",
        "operator": "PT Pertamina",
        "source": "HOT_InAWARESurvey_2017"
      },
      "geometry": {
        "type": "Point",
        "coordinates": [
          106.8840168,
          -6.3114292
        ]
      },
      "id": "node/5024153697"
    },
    {
      "type": "Feature",
      "properties": {
        "@id": "node/5027538280",
        "addr:city": "DKI Jakarta",
        "addr:full": "Jalan Raya Kebayoran Lama",
        "amenity": "fuel",
        "name": "34.12204",
        "operator": "PT Pertamina",
        "source": "HOT_InAWARESurvey_2017"
      },
      "geometry": {
        "type": "Point",
        "coordinates": [
          106.7781397,
          -6.2286926
        ]
      },
      "id": "node/5027538280"
    },
    {
      "type": "Feature",
      "properties": {
        "@id": "node/5033751702",
        "addr:city": "DKI Jakarta",
        "addr:full": "Jalan Tanah Koja Duri Kosambi",
        "amenity": "fuel",
        "name": "SPBU 34 11708",
        "operator": "PT Pertamina",
        "source": "HOT_InAWARESurvey_2017"
      },
      "geometry": {
        "type": "Point",
        "coordinates": [
          106.7188311,
          -6.1827102
        ]
      },
      "id": "node/5033751702"
    },
    {
      "type": "Feature",
      "properties": {
        "@id": "node/5034144483",
        "addr:city": "DKI Jakarta",
        "addr:full": "Jalan Raya Kembangan",
        "amenity": "fuel",
        "brand": "Pertamina",
        "brand:wikidata": "Q1641044",
        "name": "Pertamina",
        "operator": "Pertamina",
        "ref": "34-11705",
        "source": "HOT_InAWARESurvey_2017"
      },
      "geometry": {
        "type": "Point",
        "coordinates": [
          106.7272639,
          -6.1692917
        ]
      },
      "id": "node/5034144483"
    },
    {
      "type": "Feature",
      "properties": {
        "@id": "node/5035130026",
        "amenity": "fuel",
        "name": "Pom Bensin Pertamina Setu"
      },
      "geometry": {
        "type": "Point",
        "coordinates": [
          107.0275207,
          -6.3193044
        ]
      },
      "id": "node/5035130026"
    },
    {
      "type": "Feature",
      "properties": {
        "@id": "node/5042318788",
        "addr:city": "DKI Jakarta",
        "addr:full": "Jalan Daan Mogot",
        "amenity": "fuel",
        "name": "SPBU 34-11706",
        "operator": "PT Pertamina",
        "source": "HOT_InAWARESurvey_2017"
      },
      "geometry": {
        "type": "Point",
        "coordinates": [
          106.7193246,
          -6.1525873
        ]
      },
      "id": "node/5042318788"
    },
    {
      "type": "Feature",
      "properties": {
        "@id": "node/5042694087",
        "addr:city": "DKI Jakarta",
        "addr:full": "Jalan Bina Marga",
        "amenity": "fuel",
        "name": "Pertamina 34-13803",
        "operator": "PT Pertamina",
        "source": "HOT_InAWARESurvey_2017"
      },
      "geometry": {
        "type": "Point",
        "coordinates": [
          106.8918751,
          -6.3165288
        ]
      },
      "id": "node/5042694087"
    },
    {
      "type": "Feature",
      "properties": {
        "@id": "node/5042931433",
        "addr:city": "DKI Jakarta",
        "addr:full": "Jalan Lingkar Barat",
        "amenity": "fuel",
        "brand": "Pertamina",
        "brand:wikidata": "Q1641044",
        "name": "Pertamina",
        "operator": "Pertamina",
        "ref": "34-11707",
        "source": "HOT_InAWARESurvey_2017"
      },
      "geometry": {
        "type": "Point",
        "coordinates": [
          106.7295384,
          -6.1304848
        ]
      },
      "id": "node/5042931433"
    },
    {
      "type": "Feature",
      "properties": {
        "@id": "node/5047254145",
        "addr:city": "DKI Jakarta",
        "addr:full": "Jalan Cendrawasih Raya",
        "amenity": "fuel",
        "name": "SPBU 34-11711",
        "operator": "PT Pertamina",
        "source": "HOT_InAWARESurvey_2017"
      },
      "geometry": {
        "type": "Point",
        "coordinates": [
          106.7213014,
          -6.144627
        ]
      },
      "id": "node/5047254145"
    },
    {
      "type": "Feature",
      "properties": {
        "@id": "node/5047494889",
        "addr:city": "DKI Jakarta",
        "addr:full": "Jalan Daan Mogot",
        "amenity": "fuel",
        "brand": "Pertamina",
        "brand:wikidata": "Q1641044",
        "name": "Pertamina",
        "operator": "Pertamina",
        "ref": "31.114.03",
        "source": "HOT_InAWARESurvey_2017"
      },
      "geometry": {
        "type": "Point",
        "coordinates": [
          106.7871248,
          -6.1662019
        ]
      },
      "id": "node/5047494889"
    },
    {
      "type": "Feature",
      "properties": {
        "@id": "node/5053533227",
        "addr:city": "DKI Jakarta",
        "addr:full": "Jalan Sultan Iskandar Muda",
        "amenity": "fuel",
        "brand": "Pertamina",
        "brand:wikidata": "Q1641044",
        "name": "Pertamina",
        "operator": "Pertamina",
        "ref": "31.122.04",
        "source": "HOT_InAWARESurvey_2017"
      },
      "geometry": {
        "type": "Point",
        "coordinates": [
          106.7820883,
          -6.2594816
        ]
      },
      "id": "node/5053533227"
    },
    {
      "type": "Feature",
      "properties": {
        "@id": "node/5055779301",
        "addr:city": "DKI Jakarta",
        "addr:full": "Jalan Raya Kelapa Dua Wetan",
        "amenity": "fuel",
        "name": "SPBU 34-13708",
        "operator": "PT Pertamina",
        "source": "HOT_InAWARESurvey_2017"
      },
      "geometry": {
        "type": "Point",
        "coordinates": [
          106.8830681,
          -6.3451135
        ]
      },
      "id": "node/5055779301"
    },
    {
      "type": "Feature",
      "properties": {
        "@id": "node/5055940525",
        "addr:city": "DKI Jakarta",
        "addr:full": "Jalan Daan Mogot",
        "amenity": "fuel",
        "name": "SPBU 34-11712",
        "operator": "PT Pertamina",
        "source": "HOT_InAWARESurvey_2017"
      },
      "geometry": {
        "type": "Point",
        "coordinates": [
          106.7449504,
          -6.1546087
        ]
      },
      "id": "node/5055940525"
    },
    {
      "type": "Feature",
      "properties": {
        "@id": "node/5055940546",
        "addr:city": "DKI Jakarta",
        "addr:full": "Jalan Kamal Raya",
        "amenity": "fuel",
        "brand": "Pertamina",
        "brand:wikidata": "Q1641044",
        "name": "Pertamina",
        "operator": "Pertamina",
        "ref": "34-11703",
        "source": "HOT_InAWARESurvey_2017"
      },
      "geometry": {
        "type": "Point",
        "coordinates": [
          106.7282724,
          -6.1488325
        ]
      },
      "id": "node/5055940546"
    },
    {
      "type": "Feature",
      "properties": {
        "@id": "node/5056125428",
        "addr:city": "DKI Jakarta",
        "addr:full": "Jalan Tomang Raya",
        "amenity": "fuel",
        "brand": "Pertamina",
        "brand:wikidata": "Q1641044",
        "name": "34.11402",
        "operator": "PT Pertamina",
        "source": "HOT_InAWARESurvey_2017"
      },
      "geometry": {
        "type": "Point",
        "coordinates": [
          106.8032455,
          -6.1742623
        ]
      },
      "id": "node/5056125428"
    },
    {
      "type": "Feature",
      "properties": {
        "@id": "node/5056426528",
        "amenity": "fuel",
        "name": "SPBU"
      },
      "geometry": {
        "type": "Point",
        "coordinates": [
          106.7797498,
          -6.6269699
        ]
      },
      "id": "node/5056426528"
    },
    {
      "type": "Feature",
      "properties": {
        "@id": "node/5057618587",
        "addr:city": "DKI Jakarta",
        "addr:full": "Jalan Kamal Raya",
        "amenity": "fuel",
        "brand": "Pertamina",
        "brand:wikidata": "Q1641044",
        "name": "Pertamina",
        "operator": "Pertamina",
        "ref": "34-11710",
        "source": "HOT_InAWARESurvey_2017"
      },
      "geometry": {
        "type": "Point",
        "coordinates": [
          106.730783,
          -6.133877
        ]
      },
      "id": "node/5057618587"
    },
    {
      "type": "Feature",
      "properties": {
        "@id": "node/5057662821",
        "amenity": "fuel",
        "name": "Pertamina",
        "name:en": "SPBU"
      },
      "geometry": {
        "type": "Point",
        "coordinates": [
          107.3758964,
          -6.8280243
        ]
      },
      "id": "node/5057662821"
    },
    {
      "type": "Feature",
      "properties": {
        "@id": "node/5057790969",
        "addr:city": "DKI Jakarta",
        "addr:full": "Jalan Ciputat Raya",
        "amenity": "fuel",
        "name": "34.12213",
        "operator": "PT Pertamina",
        "source": "HOT_InAWARESurvey_2017"
      },
      "geometry": {
        "type": "Point",
        "coordinates": [
          106.7768526,
          -6.2599348
        ]
      },
      "id": "node/5057790969"
    },
    {
      "type": "Feature",
      "properties": {
        "@id": "node/5057790970",
        "addr:city": "DKI Jakarta",
        "addr:full": "Jalan Sultan Iskandar Muda",
        "amenity": "fuel",
        "brand": "Pertamina",
        "brand:wikidata": "Q1641044",
        "name": "Pertamina",
        "operator": "Pertamina",
        "ref": "34.12302",
        "source": "HOT_InAWARESurvey_2017"
      },
      "geometry": {
        "type": "Point",
        "coordinates": [
          106.7813531,
          -6.2573118
        ]
      },
      "id": "node/5057790970"
    },
    {
      "type": "Feature",
      "properties": {
        "@id": "node/5057790971",
        "addr:city": "DKI Jakarta",
        "addr:full": "Jalan Bintaro Raya",
        "amenity": "fuel",
        "brand": "Pertamina",
        "brand:wikidata": "Q1641044",
        "name": "Pertamina",
        "operator": "Pertamina",
        "ref": "34 122 14",
        "source": "HOT_InAWARESurvey_2017"
      },
      "geometry": {
        "type": "Point",
        "coordinates": [
          106.7731914,
          -6.2532839
        ]
      },
      "id": "node/5057790971"
    },
    {
      "type": "Feature",
      "properties": {
        "@id": "node/5063666171",
        "addr:city": "DKI Jakarta",
        "addr:full": "Jalan Bintaro Permai",
        "amenity": "fuel",
        "brand": "Pertamina",
        "brand:wikidata": "Q1641044",
        "name": "Pertamina",
        "operator": "Pertamina",
        "ref": "34 - 12303",
        "source": "HOT_InAWARESurvey_2017"
      },
      "geometry": {
        "type": "Point",
        "coordinates": [
          106.7663544,
          -6.2581645
        ]
      },
      "id": "node/5063666171"
    },
    {
      "type": "Feature",
      "properties": {
        "@id": "node/5063666176",
        "addr:city": "DKI Jakarta",
        "addr:full": "Jalan R.C. Veteran Raya",
        "amenity": "fuel",
        "brand": "Pertamina",
        "brand:wikidata": "Q1641044",
        "name": "Pertamina",
        "operator": "Pertamina",
        "ref": "34 - 12301",
        "source": "HOT_InAWARESurvey_2017"
      },
      "geometry": {
        "type": "Point",
        "coordinates": [
          106.765078,
          -6.2700637
        ]
      },
      "id": "node/5063666176"
    },
    {
      "type": "Feature",
      "properties": {
        "@id": "node/5063666199",
        "addr:city": "DKI Jakarta",
        "addr:full": "Jalan Kesehatan Raya",
        "amenity": "fuel",
        "name": "SPBU Pertamina 3412306",
        "operator": "PT Pertamina",
        "source": "HOT_InAWARESurvey_2017"
      },
      "geometry": {
        "type": "Point",
        "coordinates": [
          106.7599908,
          -6.2705763
        ]
      },
      "id": "node/5063666199"
    },
    {
      "type": "Feature",
      "properties": {
        "@id": "node/5068495577",
        "addr:city": "DKI Jakarta",
        "addr:full": "Jalan Tabah I Ujung",
        "amenity": "fuel",
        "name": "Mako Kolinlamil 32-14301",
        "source": "HOT_InAWARESurvey_2017"
      },
      "geometry": {
        "type": "Point",
        "coordinates": [
          106.8898544,
          -6.1655463
        ]
      },
      "id": "node/5068495577"
    },
    {
      "type": "Feature",
      "properties": {
        "@id": "node/5068912660",
        "addr:city": "DKI Jakarta",
        "addr:full": "Jalan Daan Mogot KM 11",
        "amenity": "fuel",
        "brand": "Shell",
        "brand:wikidata": "Q110716465",
        "name": "Shell",
        "operator": "Shell",
        "source": "HOT_InAWARESurvey_2017"
      },
      "geometry": {
        "type": "Point",
        "coordinates": [
          106.7553302,
          -6.1560301
        ]
      },
      "id": "node/5068912660"
    },
    {
      "type": "Feature",
      "properties": {
        "@id": "node/5068912664",
        "addr:city": "DKI Jakarta",
        "addr:full": "Jalan Daan Mogot",
        "amenity": "fuel",
        "name": "SPBU 34.117.13",
        "operator": "PT Pertamina",
        "source": "HOT_InAWARESurvey_2017"
      },
      "geometry": {
        "type": "Point",
        "coordinates": [
          106.7659996,
          -6.158296
        ]
      },
      "id": "node/5068912664"
    },
    {
      "type": "Feature",
      "properties": {
        "@id": "node/5078742327",
        "addr:postcode": "45271",
        "addr:street": "Widasari - Jatibarang",
        "amenity": "fuel",
        "name": "Pomp Bensin Jatibarang"
      },
      "geometry": {
        "type": "Point",
        "coordinates": [
          108.2995081,
          -6.4660078
        ]
      },
      "id": "node/5078742327"
    },
    {
      "type": "Feature",
      "properties": {
        "@id": "node/5080659280",
        "addr:city": "DKI Jakarta",
        "addr:full": "Jalan Tabah I Ujung, Kelurahan Kelapa Gading Barat, Kecamatan Kelapa Gading, Jakarta Utara 14240",
        "amenity": "fuel",
        "name": "SPBT 32.1.0401",
        "operator": "PT Pertamina",
        "source": "HOT_InAWARESurvey_2017"
      },
      "geometry": {
        "type": "Point",
        "coordinates": [
          106.8897964,
          -6.1657956
        ]
      },
      "id": "node/5080659280"
    },
    {
      "type": "Feature",
      "properties": {
        "@id": "node/5081112308",
        "addr:city": "DKI Jakarta",
        "addr:full": "Jalan Boulevard Barat, Kelurahan Kelapa Gading Barat, Kecamatan Kelapa Gading, Jakarta Utara",
        "amenity": "fuel",
        "brand": "Pertamina",
        "brand:wikidata": "Q1641044",
        "name": "Pertamina 34 - 14201",
        "operator": "PT Pertamina",
        "source": "HOT_InAWARESurvey_2017"
      },
      "geometry": {
        "type": "Point",
        "coordinates": [
          106.9014895,
          -6.1584075
        ]
      },
      "id": "node/5081112308"
    },
    {
      "type": "Feature",
      "properties": {
        "@id": "node/5082958545",
        "addr:city": "DKI Jakarta",
        "addr:full": "Jalan Palmerah Barat",
        "amenity": "fuel",
        "name": "34.11205",
        "operator": "PT Pertamina",
        "source": "HOT_InAWARESurvey_2017"
      },
      "geometry": {
        "type": "Point",
        "coordinates": [
          106.7880964,
          -6.2080987
        ]
      },
      "id": "node/5082958545"
    },
    {
      "type": "Feature",
      "properties": {
        "@id": "node/5083178709",
        "addr:city": "DKI Jakarta",
        "addr:full": "Jalan Radio Dalam Raya",
        "amenity": "fuel",
        "name": "SPBU Pertamina 34. 12115",
        "operator": "PT Pertamina",
        "source": "HOT_InAWARESurvey_2017"
      },
      "geometry": {
        "type": "Point",
        "coordinates": [
          106.7888648,
          -6.2595467
        ]
      },
      "id": "node/5083178709"
    },
    {
      "type": "Feature",
      "properties": {
        "@id": "node/5084987226",
        "addr:city": "DKI Jakarta",
        "addr:full": "Jalan Tubagus Angke",
        "amenity": "fuel",
        "brand": "Pertamina",
        "brand:wikidata": "Q1641044",
        "name": "Pertamina",
        "operator": "PT Pertamina",
        "ref": "33.11301",
        "source": "HOT_InAWARESurvey_2017"
      },
      "geometry": {
        "type": "Point",
        "coordinates": [
          106.7764778,
          -6.1452184
        ]
      },
      "id": "node/5084987226"
    },
    {
      "type": "Feature",
      "properties": {
        "@id": "node/5104583945",
        "addr:city": "DKI Jakarta",
        "amenity": "fuel",
        "name": "SPBB",
        "operator": "PT Pertamina",
        "source": "HOT_InAWARESurvey_2017"
      },
      "geometry": {
        "type": "Point",
        "coordinates": [
          106.7764009,
          -6.1041519
        ]
      },
      "id": "node/5104583945"
    },
    {
      "type": "Feature",
      "properties": {
        "@id": "node/5104583952",
        "addr:city": "DKI Jakarta",
        "amenity": "fuel",
        "name": "SPBU 34 - 14406",
        "operator": "PT Pertamina",
        "source": "HOT_InAWARESurvey_2017"
      },
      "geometry": {
        "type": "Point",
        "coordinates": [
          106.7750962,
          -6.10679
        ]
      },
      "id": "node/5104583952"
    },
    {
      "type": "Feature",
      "properties": {
        "@id": "node/5104583966",
        "addr:city": "DKI Jakarta",
        "amenity": "fuel",
        "operator": "PT Pertamina",
        "source": "HOT_InAWARESurvey_2017"
      },
      "geometry": {
        "type": "Point",
        "coordinates": [
          106.7719388,
          -6.1027699
        ]
      },
      "id": "node/5104583966"
    },
    {
      "type": "Feature",
      "properties": {
        "@id": "node/5104675988",
        "addr:city": "DKI Jakarta",
        "addr:full": "Jalan Kapuk Kamal Raya",
        "amenity": "fuel",
        "name": "34.14409",
        "operator": "PT Pertamina",
        "source": "HOT_InAWARESurvey_2017"
      },
      "geometry": {
        "type": "Point",
        "coordinates": [
          106.7198342,
          -6.1072345
        ]
      },
      "id": "node/5104675988"
    },
    {
      "type": "Feature",
      "properties": {
        "@id": "node/5104675989",
        "addr:city": "DKI Jakarta",
        "addr:full": "Jalan Kapuk Kamal Raya",
        "amenity": "fuel",
        "name": "34.14410",
        "operator": "PT Pertamina",
        "source": "HOT_InAWARESurvey_2017"
      },
      "geometry": {
        "type": "Point",
        "coordinates": [
          106.7511906,
          -6.1340918
        ]
      },
      "id": "node/5104675989"
    },
    {
      "type": "Feature",
      "properties": {
        "@id": "node/5104675990",
        "addr:city": "DKI Jakarta",
        "addr:full": "Jalan Kapuk Kamal Raya",
        "amenity": "fuel",
        "name": "34 14411",
        "operator": "PT Pertamina",
        "source": "HOT_InAWARESurvey_2017"
      },
      "geometry": {
        "type": "Point",
        "coordinates": [
          106.7324996,
          -6.1216094
        ]
      },
      "id": "node/5104675990"
    },
    {
      "type": "Feature",
      "properties": {
        "@id": "node/5104981269",
        "addr:city": "DKI Jakarta",
        "addr:full": "Jalan Pluit Permai",
        "amenity": "fuel",
        "brand": "Pertamina",
        "brand:wikidata": "Q1641044",
        "brand:wikipedia": "en:Pertamina",
        "name": "Pertamina",
        "operator": "PT Pertamina",
        "source": "HOT_InAWARESurvey_2017"
      },
      "geometry": {
        "type": "Point",
        "coordinates": [
          106.7853625,
          -6.1160305
        ]
      },
      "id": "node/5104981269"
    },
    {
      "type": "Feature",
      "properties": {
        "@id": "node/5104981276",
        "addr:city": "DKI Jakarta",
        "addr:full": "Jalan Pluit Putra Raya",
        "amenity": "fuel",
        "name": "SPBG",
        "operator": "PT Pertamina",
        "source": "HOT_InAWARESurvey_2017"
      },
      "geometry": {
        "type": "Point",
        "coordinates": [
          106.7918758,
          -6.1182801
        ]
      },
      "id": "node/5104981276"
    },
    {
      "type": "Feature",
      "properties": {
        "@id": "node/5106742602",
        "addr:city": "DKI Jakarta",
        "addr:full": "Jalan Kapuk Raya",
        "amenity": "fuel",
        "name": "SPBKB 10.2.1.001",
        "operator": "PT Pertamina",
        "source": "HOT_InAWARESurvey_2017"
      },
      "geometry": {
        "type": "Point",
        "coordinates": [
          106.7673425,
          -6.1399265
        ]
      },
      "id": "node/5106742602"
    },
    {
      "type": "Feature",
      "properties": {
        "@id": "node/5106742606",
        "addr:city": "DKI Jakarta",
        "addr:full": "Jalan Kapuk Raya",
        "amenity": "fuel",
        "name": "SPBU Pertamina 34.14404",
        "operator": "PT Pertamina",
        "source": "HOT_InAWARESurvey_2017"
      },
      "geometry": {
        "type": "Point",
        "coordinates": [
          106.7635609,
          -6.1387449
        ]
      },
      "id": "node/5106742606"
    },
    {
      "type": "Feature",
      "properties": {
        "@id": "node/5108763054",
        "amenity": "fuel",
        "brand": "Pertamina",
        "brand:wikidata": "Q1641044",
        "name": "Pertamina",
        "operator": "Pertamina"
      },
      "geometry": {
        "type": "Point",
        "coordinates": [
          107.5748775,
          -6.9266538
        ]
      },
      "id": "node/5108763054"
    },
    {
      "type": "Feature",
      "properties": {
        "@id": "node/5112245187",
        "addr:city": "DKI Jakarta",
        "addr:full": "Jalan Tuna Raya",
        "amenity": "fuel",
        "name": "SPBU 34 - 14412",
        "operator": "PT Pertamina",
        "source": "HOT_InAWARESurvey_2017"
      },
      "geometry": {
        "type": "Point",
        "coordinates": [
          106.8006862,
          -6.1072087
        ]
      },
      "id": "node/5112245187"
    },
    {
      "type": "Feature",
      "properties": {
        "@id": "node/5112245651",
        "addr:city": "DKI Jakarta",
        "addr:full": "Jalan Pluit Selatan Raya",
        "amenity": "fuel",
        "name": "SPBU 3414401",
        "operator": "PT Pertamina",
        "source": "HOT_InAWARESurvey_2017"
      },
      "geometry": {
        "type": "Point",
        "coordinates": [
          106.8017471,
          -6.1257509
        ]
      },
      "id": "node/5112245651"
    },
    {
      "type": "Feature",
      "properties": {
        "@id": "node/5112284592",
        "addr:city": "DKI Jakarta",
        "addr:full": "Jalan Boulevard Timur",
        "addr:street": "Jalan Terusan Boulevard Timur / Pintu I",
        "amenity": "fuel",
        "brand": "Pertamina",
        "brand:wikidata": "Q1641044",
        "name": "Pertamina 34-14205",
        "operator": "PT Pertamina",
        "source": "HOT_InAWARESurvey_2017"
      },
      "geometry": {
        "type": "Point",
        "coordinates": [
          106.9152278,
          -6.1667583
        ]
      },
      "id": "node/5112284592"
    },
    {
      "type": "Feature",
      "properties": {
        "@id": "node/5114085557",
        "addr:city": "DKI Jakarta",
        "addr:full": "Jalan Inspeksi Kirana",
        "amenity": "fuel",
        "name": "SPBU 34-14105",
        "operator": "PT Pertamina",
        "source": "HOT_InAWARESurvey_2017"
      },
      "geometry": {
        "type": "Point",
        "coordinates": [
          106.9339608,
          -6.1324478
        ]
      },
      "id": "node/5114085557"
    },
    {
      "type": "Feature",
      "properties": {
        "@id": "node/5128190822",
        "addr:city": "DKI Jakarta",
        "addr:full": "Jalan Cakung Cilincing Barat",
        "amenity": "fuel",
        "name": "SPBU 34.14107",
        "operator": "PT Pertamina",
        "source": "HOT_InAWARESurvey_2017"
      },
      "geometry": {
        "type": "Point",
        "coordinates": [
          106.9356633,
          -6.1383793
        ]
      },
      "id": "node/5128190822"
    },
    {
      "type": "Feature",
      "properties": {
        "@id": "node/5130476888",
        "addr:city": "DKI Jakarta",
        "addr:full": "Jalan Marunda Makmur",
        "amenity": "fuel",
        "name": "SPBU Pertamina 34.14106",
        "operator": "PT Pertamina",
        "source": "HOT_InAWARESurvey_2017"
      },
      "geometry": {
        "type": "Point",
        "coordinates": [
          106.9625902,
          -6.1073145
        ]
      },
      "id": "node/5130476888"
    },
    {
      "type": "Feature",
      "properties": {
        "@id": "node/5132941190",
        "addr:city": "DKI Jakarta",
        "addr:full": "Jalan Raya Cilincing, Kelurahan Cilincing, Kecamatan Cilincing, Jakarta Utara",
        "amenity": "fuel",
        "brand": "Pertamina",
        "brand:wikidata": "Q1641044",
        "name": "Pertamina 34 - 14109",
        "operator": "PT Pertamina",
        "source": "HOT_InAWARESurvey_2017"
      },
      "geometry": {
        "type": "Point",
        "coordinates": [
          106.9372407,
          -6.1029236
        ]
      },
      "id": "node/5132941190"
    },
    {
      "type": "Feature",
      "properties": {
        "@id": "node/5134336081",
        "addr:city": "DKI Jakarta",
        "addr:full": "Jalan Yos Sudarso",
        "amenity": "fuel",
        "name": "SBPU 31-143-01",
        "operator": "PT Pertamina",
        "source": "HOT_InAWARESurvey_2017"
      },
      "geometry": {
        "type": "Point",
        "coordinates": [
          106.8895483,
          -6.145331
        ]
      },
      "id": "node/5134336081"
    },
    {
      "type": "Feature",
      "properties": {
        "@id": "node/5134336082",
        "addr:city": "DKI Jakarta",
        "addr:full": "Jalan Yos Sudarso",
        "amenity": "fuel",
        "brand": "Pertamina",
        "name": "Pertamina",
        "operator": "PT Pertamina",
        "ref": "34-14204",
        "source": "HOT_InAWARESurvey_2017"
      },
      "geometry": {
        "type": "Point",
        "coordinates": [
          106.8864182,
          -6.1529554
        ]
      },
      "id": "node/5134336082"
    },
    {
      "type": "Feature",
      "properties": {
        "@id": "node/5141381721",
        "amenity": "fuel",
        "branch": "Cilember",
        "brand": "Pertamina",
        "brand:wikidata": "Q1641044",
        "compressed_air": "yes",
        "name": "Pertamina",
        "ref": "Cilember"
      },
      "geometry": {
        "type": "Point",
        "coordinates": [
          107.5557111,
          -6.8880776
        ]
      },
      "id": "node/5141381721"
    },
    {
      "type": "Feature",
      "properties": {
        "@id": "node/5142536031",
        "addr:city": "DKI Jakarta",
        "addr:full": "Jalan RE Martadinata",
        "amenity": "fuel",
        "name": "SPBU 34-143-03",
        "operator": "PT Pertamina",
        "source": "HOT_InAWARESurvey_2017"
      },
      "geometry": {
        "type": "Point",
        "coordinates": [
          106.8297578,
          -6.1308308
        ]
      },
      "id": "node/5142536031"
    },
    {
      "type": "Feature",
      "properties": {
        "@id": "node/5142536041",
        "addr:city": "DKI Jakarta",
        "addr:full": "Jalan Kampung Bandan RT 02 RW 04 Ancol Jakarta Utara",
        "amenity": "fuel",
        "name": "SPBU 34-14405",
        "operator": "PT Pertamina",
        "source": "HOT_InAWARESurvey_2017"
      },
      "geometry": {
        "type": "Point",
        "coordinates": [
          106.8171716,
          -6.1337917
        ]
      },
      "id": "node/5142536041"
    },
    {
      "type": "Feature",
      "properties": {
        "@id": "node/5158433612",
        "addr:city": "DKI Jakarta",
        "addr:full": "Jalan Raya Pulo Gebang",
        "amenity": "fuel",
        "name": "SPBU 34-13905",
        "operator": "PT Pertamina",
        "source": "HOT_InAWARESurvey_2017"
      },
      "geometry": {
        "type": "Point",
        "coordinates": [
          106.955874,
          -6.1998189
        ]
      },
      "id": "node/5158433612"
    },
    {
      "type": "Feature",
      "properties": {
        "@id": "node/5160138738",
        "addr:street": "Jalan Letnan Jenderal MT Haryono",
        "amenity": "fuel",
        "name": "SPBU 34-12705",
        "operator": "PT Pertamina",
        "phone": "+62 21 7918 4314"
      },
      "geometry": {
        "type": "Point",
        "coordinates": [
          106.8527997,
          -6.2438113
        ]
      },
      "id": "node/5160138738"
    },
    {
      "type": "Feature",
      "properties": {
        "@id": "node/5160138741",
        "amenity": "fuel",
        "name": "SPBU 34-14108",
        "operator": "PT Pertamina"
      },
      "geometry": {
        "type": "Point",
        "coordinates": [
          106.9482857,
          -6.1110269
        ]
      },
      "id": "node/5160138741"
    },
    {
      "type": "Feature",
      "properties": {
        "@id": "node/5177959021",
        "amenity": "fuel",
        "brand": "Pertamina",
        "brand:wikidata": "Q1641044",
        "name": "Pertamina"
      },
      "geometry": {
        "type": "Point",
        "coordinates": [
          107.6951878,
          -6.9138016
        ]
      },
      "id": "node/5177959021"
    },
    {
      "type": "Feature",
      "properties": {
        "@id": "node/5219389661",
        "addr:full": "Jalan Cireundeu Raya",
        "amenity": "fuel",
        "name": "SPBU 3415402",
        "source": "survey"
      },
      "geometry": {
        "type": "Point",
        "coordinates": [
          106.7691779,
          -6.3179587
        ]
      },
      "id": "node/5219389661"
    },
    {
      "type": "Feature",
      "properties": {
        "@id": "node/5225836450",
        "addr:full": "Jalan Cireundeu Raya",
        "amenity": "fuel",
        "name": "33.154.01",
        "source": "survey"
      },
      "geometry": {
        "type": "Point",
        "coordinates": [
          106.7730117,
          -6.3054025
        ]
      },
      "id": "node/5225836450"
    },
    {
      "type": "Feature",
      "properties": {
        "@id": "node/5225836451",
        "addr:full": "Jalan Cireundeu Raya",
        "amenity": "fuel",
        "name": "34-15404",
        "source": "survey"
      },
      "geometry": {
        "type": "Point",
        "coordinates": [
          106.7712307,
          -6.3107984
        ]
      },
      "id": "node/5225836451"
    },
    {
      "type": "Feature",
      "properties": {
        "@id": "node/5226103536",
        "addr:full": "Jalan Ir. Juanda",
        "amenity": "fuel",
        "brand": "Pertamina",
        "brand:wikidata": "Q1641044",
        "name": "Pertamina",
        "source": "survey"
      },
      "geometry": {
        "type": "Point",
        "coordinates": [
          106.760931,
          -6.3025872
        ]
      },
      "id": "node/5226103536"
    },
    {
      "type": "Feature",
      "properties": {
        "@id": "node/5243797921",
        "amenity": "fuel",
        "name": "Pertamina"
      },
      "geometry": {
        "type": "Point",
        "coordinates": [
          105.9729892,
          -6.6823566
        ]
      },
      "id": "node/5243797921"
    },
    {
      "type": "Feature",
      "properties": {
        "@id": "node/5245226521",
        "amenity": "fuel",
        "name": "Pertamina"
      },
      "geometry": {
        "type": "Point",
        "coordinates": [
          106.4801037,
          -6.9543418
        ]
      },
      "id": "node/5245226521"
    },
    {
      "type": "Feature",
      "properties": {
        "@id": "node/5268872144",
        "addr:city": "Bandung",
        "addr:housenumber": "55",
        "addr:postcode": "40266",
        "addr:street": "Jalan Terusan Buah Batu",
        "amenity": "fuel",
        "name": "Pertamina",
        "operator": "Pertamina",
        "ref": "Sekelimus Buahbatu"
      },
      "geometry": {
        "type": "Point",
        "coordinates": [
          107.6379847,
          -6.9522858
        ]
      },
      "id": "node/5268872144"
    },
    {
      "type": "Feature",
      "properties": {
        "@id": "node/5296700734",
        "amenity": "fuel"
      },
      "geometry": {
        "type": "Point",
        "coordinates": [
          107.7504811,
          -6.3002305
        ]
      },
      "id": "node/5296700734"
    },
    {
      "type": "Feature",
      "properties": {
        "@id": "node/5302792621",
        "addr:street": "Jalan Kalimalang",
        "amenity": "fuel",
        "name": "Oil gas"
      },
      "geometry": {
        "type": "Point",
        "coordinates": [
          106.9058632,
          -6.2460658
        ]
      },
      "id": "node/5302792621"
    },
    {
      "type": "Feature",
      "properties": {
        "@id": "node/5315819840",
        "amenity": "fuel",
        "brand": "Pertamina",
        "operator": "Pertamina"
      },
      "geometry": {
        "type": "Point",
        "coordinates": [
          106.8402111,
          -6.520832
        ]
      },
      "id": "node/5315819840"
    },
    {
      "type": "Feature",
      "properties": {
        "@id": "node/5315819841",
        "amenity": "fuel",
        "brand": "Pertamina",
        "operator": "Pertamina"
      },
      "geometry": {
        "type": "Point",
        "coordinates": [
          106.8495079,
          -6.5284174
        ]
      },
      "id": "node/5315819841"
    },
    {
      "type": "Feature",
      "properties": {
        "@id": "node/5388606292",
        "amenity": "fuel"
      },
      "geometry": {
        "type": "Point",
        "coordinates": [
          106.4248522,
          -6.1945318
        ]
      },
      "id": "node/5388606292"
    },
    {
      "type": "Feature",
      "properties": {
        "@id": "node/5395341422",
        "addr:city": "Cengkareng Timur, West Jakarta",
        "addr:postcode": "11730",
        "addr:street": "Jalan Kincir Raya",
        "amenity": "fuel",
        "name": "Blue Gazz",
        "name:en": "BlueGaz"
      },
      "geometry": {
        "type": "Point",
        "coordinates": [
          106.7300057,
          -6.1471402
        ]
      },
      "id": "node/5395341422"
    },
    {
      "type": "Feature",
      "properties": {
        "@id": "node/5408918921",
        "amenity": "fuel",
        "name": "Pertamina",
        "name:en": "Pertamina"
      },
      "geometry": {
        "type": "Point",
        "coordinates": [
          107.7870751,
          -6.9602843
        ]
      },
      "id": "node/5408918921"
    },
    {
      "type": "Feature",
      "properties": {
        "@id": "node/5463951694",
        "amenity": "fuel"
      },
      "geometry": {
        "type": "Point",
        "coordinates": [
          108.4879424,
          -6.9489868
        ]
      },
      "id": "node/5463951694"
    },
    {
      "type": "Feature",
      "properties": {
        "@id": "node/5475580336",
        "amenity": "fuel",
        "brand": "Pertamina",
        "brand:wikidata": "Q1641044",
        "name": "Pertamina"
      },
      "geometry": {
        "type": "Point",
        "coordinates": [
          106.8633166,
          -6.5139866
        ]
      },
      "id": "node/5475580336"
    },
    {
      "type": "Feature",
      "properties": {
        "@id": "node/5513067916",
        "amenity": "fuel"
      },
      "geometry": {
        "type": "Point",
        "coordinates": [
          108.5209563,
          -6.8340875
        ]
      },
      "id": "node/5513067916"
    },
    {
      "type": "Feature",
      "properties": {
        "@id": "node/5523913665",
        "amenity": "fuel",
        "brand": "Pertamina"
      },
      "geometry": {
        "type": "Point",
        "coordinates": [
          107.3441807,
          -6.3544796
        ]
      },
      "id": "node/5523913665"
    },
    {
      "type": "Feature",
      "properties": {
        "@id": "node/5544431202",
        "amenity": "fuel",
        "name": "SPBU Nagrak"
      },
      "geometry": {
        "type": "Point",
        "coordinates": [
          108.3295947,
          -7.3244748
        ]
      },
      "id": "node/5544431202"
    },
    {
      "type": "Feature",
      "properties": {
        "@id": "node/5712803180",
        "amenity": "fuel",
        "name": "Pertamima"
      },
      "geometry": {
        "type": "Point",
        "coordinates": [
          107.8308894,
          -7.2644498
        ]
      },
      "id": "node/5712803180"
    },
    {
      "type": "Feature",
      "properties": {
        "@id": "node/5713317549",
        "amenity": "fuel"
      },
      "geometry": {
        "type": "Point",
        "coordinates": [
          107.949736,
          -7.1474342
        ]
      },
      "id": "node/5713317549"
    },
    {
      "type": "Feature",
      "properties": {
        "@id": "node/5713318442",
        "amenity": "fuel"
      },
      "geometry": {
        "type": "Point",
        "coordinates": [
          107.9512772,
          -7.1632516
        ]
      },
      "id": "node/5713318442"
    },
    {
      "type": "Feature",
      "properties": {
        "@id": "node/5713319731",
        "amenity": "fuel"
      },
      "geometry": {
        "type": "Point",
        "coordinates": [
          107.9512101,
          -7.1439429
        ]
      },
      "id": "node/5713319731"
    },
    {
      "type": "Feature",
      "properties": {
        "@id": "node/5713319734",
        "amenity": "fuel"
      },
      "geometry": {
        "type": "Point",
        "coordinates": [
          107.9469482,
          -7.132393
        ]
      },
      "id": "node/5713319734"
    },
    {
      "type": "Feature",
      "properties": {
        "@id": "node/5713319736",
        "amenity": "fuel"
      },
      "geometry": {
        "type": "Point",
        "coordinates": [
          107.9437207,
          -7.1299571
        ]
      },
      "id": "node/5713319736"
    },
    {
      "type": "Feature",
      "properties": {
        "@id": "node/5713320229",
        "amenity": "fuel"
      },
      "geometry": {
        "type": "Point",
        "coordinates": [
          107.9512862,
          -7.1612467
        ]
      },
      "id": "node/5713320229"
    },
    {
      "type": "Feature",
      "properties": {
        "@id": "node/5713320232",
        "amenity": "fuel"
      },
      "geometry": {
        "type": "Point",
        "coordinates": [
          107.9510516,
          -7.1567181
        ]
      },
      "id": "node/5713320232"
    },
    {
      "type": "Feature",
      "properties": {
        "@id": "node/5713321906",
        "amenity": "fuel"
      },
      "geometry": {
        "type": "Point",
        "coordinates": [
          107.9495285,
          -7.112169
        ]
      },
      "id": "node/5713321906"
    },
    {
      "type": "Feature",
      "properties": {
        "@id": "node/5794030254",
        "amenity": "fuel",
        "brand": "Pertamina",
        "brand:wikidata": "Q1641044",
        "name": "Pertamina"
      },
      "geometry": {
        "type": "Point",
        "coordinates": [
          107.6650947,
          -6.9041715
        ]
      },
      "id": "node/5794030254"
    },
    {
      "type": "Feature",
      "properties": {
        "@id": "node/5809461691",
        "amenity": "fuel",
        "branch": "Citarum x Bojongsoang",
        "brand": "Pertamina",
        "brand:wikidata": "Q1641044",
        "name": "Pertamina"
      },
      "geometry": {
        "type": "Point",
        "coordinates": [
          107.6319814,
          -6.9910069
        ]
      },
      "id": "node/5809461691"
    },
    {
      "type": "Feature",
      "properties": {
        "@id": "node/5809461696",
        "amenity": "fuel",
        "brand": "Pertamina",
        "brand:wikidata": "Q1641044",
        "name": "Pertamina"
      },
      "geometry": {
        "type": "Point",
        "coordinates": [
          107.6305194,
          -6.9949827
        ]
      },
      "id": "node/5809461696"
    },
    {
      "type": "Feature",
      "properties": {
        "@id": "node/5810377857",
        "amenity": "fuel",
        "brand": "Pertamina",
        "brand:wikidata": "Q1641044",
        "name": "Pertamina"
      },
      "geometry": {
        "type": "Point",
        "coordinates": [
          107.7409499,
          -6.9406539
        ]
      },
      "id": "node/5810377857"
    },
    {
      "type": "Feature",
      "properties": {
        "@id": "node/5810382654",
        "amenity": "fuel",
        "name": "Pertamina"
      },
      "geometry": {
        "type": "Point",
        "coordinates": [
          107.9682114,
          -7.0414326
        ]
      },
      "id": "node/5810382654"
    },
    {
      "type": "Feature",
      "properties": {
        "@id": "node/5810388958",
        "amenity": "fuel",
        "brand": "Pertamina",
        "brand:wikidata": "Q1641044",
        "name": "Pertamina"
      },
      "geometry": {
        "type": "Point",
        "coordinates": [
          107.7611701,
          -6.948667
        ]
      },
      "id": "node/5810388958"
    },
    {
      "type": "Feature",
      "properties": {
        "@id": "node/5810389856",
        "amenity": "fuel",
        "name": "Pertamina"
      },
      "geometry": {
        "type": "Point",
        "coordinates": [
          107.9265685,
          -7.0360157
        ]
      },
      "id": "node/5810389856"
    },
    {
      "type": "Feature",
      "properties": {
        "@id": "node/5810396553",
        "amenity": "fuel",
        "branch": "Rancaekek",
        "brand": "Pertamina",
        "brand:wikidata": "Q1641044",
        "name": "Pertamina"
      },
      "geometry": {
        "type": "Point",
        "coordinates": [
          107.7687646,
          -6.9542368
        ]
      },
      "id": "node/5810396553"
    },
    {
      "type": "Feature",
      "properties": {
        "@id": "node/5812620153",
        "amenity": "fuel",
        "name": "SPBU Tenjo"
      },
      "geometry": {
        "type": "Point",
        "coordinates": [
          106.4494851,
          -6.3289581
        ]
      },
      "id": "node/5812620153"
    },
    {
      "type": "Feature",
      "properties": {
        "@id": "node/5812634578",
        "amenity": "fuel",
        "name": "SPBU Tenjo"
      },
      "geometry": {
        "type": "Point",
        "coordinates": [
          106.4494583,
          -6.3289415
        ]
      },
      "id": "node/5812634578"
    },
    {
      "type": "Feature",
      "properties": {
        "@id": "node/5820668941",
        "amenity": "fuel",
        "name": "Pertamina"
      },
      "geometry": {
        "type": "Point",
        "coordinates": [
          108.6372887,
          -6.8405816
        ]
      },
      "id": "node/5820668941"
    },
    {
      "type": "Feature",
      "properties": {
        "@id": "node/5862986949",
        "amenity": "fuel",
        "name": "Pertamina"
      },
      "geometry": {
        "type": "Point",
        "coordinates": [
          107.3963758,
          -6.3898086
        ]
      },
      "id": "node/5862986949"
    },
    {
      "type": "Feature",
      "properties": {
        "@id": "node/5946695187",
        "amenity": "fuel",
        "name": "SPBU KULALET",
        "opening_hours": "24/7"
      },
      "geometry": {
        "type": "Point",
        "coordinates": [
          107.6148338,
          -7.0061426
        ]
      },
      "id": "node/5946695187"
    },
    {
      "type": "Feature",
      "properties": {
        "@id": "node/5946697287",
        "amenity": "fuel",
        "name": "SPBU Pameungpeuk",
        "opening_hours": "24/7"
      },
      "geometry": {
        "type": "Point",
        "coordinates": [
          107.6009243,
          -7.0187791
        ]
      },
      "id": "node/5946697287"
    },
    {
      "type": "Feature",
      "properties": {
        "@id": "node/5999457185",
        "addr:postcode": "17214",
        "addr:street": "Jalan Bulevar Harapan Indah",
        "amenity": "fuel",
        "brand": "Pertamina",
        "brand:wikidata": "Q1641044",
        "compressed_air": "no",
        "name": "Pertamina",
        "name:en": "Pertamina Gas Station 34-17205",
        "opening_hours": "Mo-Su 06:00-22:00",
        "operator": "Pertamina"
      },
      "geometry": {
        "type": "Point",
        "coordinates": [
          106.974485,
          -6.1600505
        ]
      },
      "id": "node/5999457185"
    },
    {
      "type": "Feature",
      "properties": {
        "@id": "node/6007452487",
        "amenity": "fuel",
        "name": "Pertamini 86"
      },
      "geometry": {
        "type": "Point",
        "coordinates": [
          107.0389617,
          -6.9707412
        ]
      },
      "id": "node/6007452487"
    },
    {
      "type": "Feature",
      "properties": {
        "@id": "node/6007452789",
        "amenity": "fuel",
        "name": "Pertamini 86"
      },
      "geometry": {
        "type": "Point",
        "coordinates": [
          107.0591705,
          -6.986088
        ]
      },
      "id": "node/6007452789"
    },
    {
      "type": "Feature",
      "properties": {
        "@id": "node/6154782886",
        "amenity": "fuel",
        "brand": "Shell",
        "brand:wikidata": "Q110716465",
        "name": "Shell"
      },
      "geometry": {
        "type": "Point",
        "coordinates": [
          106.6248661,
          -6.1724952
        ]
      },
      "id": "node/6154782886"
    },
    {
      "type": "Feature",
      "properties": {
        "@id": "node/6154782887",
        "amenity": "fuel",
        "brand": "Pertamina",
        "brand:wikidata": "Q1641044",
        "name": "Pertamina"
      },
      "geometry": {
        "type": "Point",
        "coordinates": [
          106.6252595,
          -6.1736868
        ]
      },
      "id": "node/6154782887"
    },
    {
      "type": "Feature",
      "properties": {
        "@id": "node/6157575311",
        "addr:city": "Pandeglang",
        "addr:postcode": "42264",
        "amenity": "fuel",
        "brand": "Pertamina",
        "brand:wikidata": "Q1641044",
        "name": "Pertamina",
        "self_service": "no"
      },
      "geometry": {
        "type": "Point",
        "coordinates": [
          105.8277052,
          -6.2430891
        ]
      },
      "id": "node/6157575311"
    },
    {
      "type": "Feature",
      "properties": {
        "@id": "node/6203331100",
        "amenity": "fuel",
        "name": "pgn"
      },
      "geometry": {
        "type": "Point",
        "coordinates": [
          106.7931082,
          -6.1661817
        ]
      },
      "id": "node/6203331100"
    },
    {
      "type": "Feature",
      "properties": {
        "@id": "node/6203331213",
        "amenity": "fuel",
        "name": "Pertamini"
      },
      "geometry": {
        "type": "Point",
        "coordinates": [
          106.7964445,
          -6.1616737
        ]
      },
      "id": "node/6203331213"
    },
    {
      "type": "Feature",
      "properties": {
        "@id": "node/6216122889",
        "addr:street": "Jalan Kartini",
        "amenity": "fuel",
        "brand": "Pertamina",
        "brand:wikidata": "Q1641044",
        "name": "Pertamina",
        "name:en": "Pertamina 34.16411"
      },
      "geometry": {
        "type": "Point",
        "coordinates": [
          106.8187359,
          -6.4044084
        ]
      },
      "id": "node/6216122889"
    },
    {
      "type": "Feature",
      "properties": {
        "@id": "node/6264009591",
        "amenity": "fuel",
        "brand": "Pertamina",
        "brand:wikidata": "Q1641044",
        "name": "Pertamina 34-15122"
      },
      "geometry": {
        "type": "Point",
        "coordinates": [
          106.6243012,
          -6.1904836
        ]
      },
      "id": "node/6264009591"
    },
    {
      "type": "Feature",
      "properties": {
        "@id": "node/6269656405",
        "amenity": "fuel",
        "name": "Bensin Eceran"
      },
      "geometry": {
        "type": "Point",
        "coordinates": [
          106.5992279,
          -6.1820514
        ]
      },
      "id": "node/6269656405"
    },
    {
      "type": "Feature",
      "properties": {
        "@id": "node/6312672594",
        "amenity": "fuel",
        "name": "POM mini"
      },
      "geometry": {
        "type": "Point",
        "coordinates": [
          107.4644179,
          -6.4083788
        ]
      },
      "id": "node/6312672594"
    },
    {
      "type": "Feature",
      "properties": {
        "@id": "node/6312678493",
        "amenity": "fuel",
        "name": "Pom mini"
      },
      "geometry": {
        "type": "Point",
        "coordinates": [
          107.4623877,
          -6.4075408
        ]
      },
      "id": "node/6312678493"
    },
    {
      "type": "Feature",
      "properties": {
        "@id": "node/6371785511",
        "amenity": "fuel",
        "name": "Pertamini"
      },
      "geometry": {
        "type": "Point",
        "coordinates": [
          107.1538813,
          -6.936695
        ]
      },
      "id": "node/6371785511"
    },
    {
      "type": "Feature",
      "properties": {
        "@id": "node/6371785512",
        "amenity": "fuel",
        "name": "Pertamini"
      },
      "geometry": {
        "type": "Point",
        "coordinates": [
          107.1511709,
          -6.9348653
        ]
      },
      "id": "node/6371785512"
    },
    {
      "type": "Feature",
      "properties": {
        "@id": "node/6371785514",
        "amenity": "fuel",
        "name": "Pertamini"
      },
      "geometry": {
        "type": "Point",
        "coordinates": [
          107.1440504,
          -6.9269152
        ]
      },
      "id": "node/6371785514"
    },
    {
      "type": "Feature",
      "properties": {
        "@id": "node/6371785517",
        "amenity": "fuel",
        "name": "Pertamini"
      },
      "geometry": {
        "type": "Point",
        "coordinates": [
          107.1311106,
          -6.9281861
        ]
      },
      "id": "node/6371785517"
    },
    {
      "type": "Feature",
      "properties": {
        "@id": "node/6371804799",
        "amenity": "fuel",
        "name": "Pertamini"
      },
      "geometry": {
        "type": "Point",
        "coordinates": [
          107.1531407,
          -6.9386034
        ]
      },
      "id": "node/6371804799"
    },
    {
      "type": "Feature",
      "properties": {
        "@id": "node/6371804800",
        "amenity": "fuel",
        "name": "Pertamini"
      },
      "geometry": {
        "type": "Point",
        "coordinates": [
          107.1523257,
          -6.9357877
        ]
      },
      "id": "node/6371804800"
    },
    {
      "type": "Feature",
      "properties": {
        "@id": "node/6371804804",
        "amenity": "fuel",
        "name": "Pertamini"
      },
      "geometry": {
        "type": "Point",
        "coordinates": [
          107.1328174,
          -6.9291593
        ]
      },
      "id": "node/6371804804"
    },
    {
      "type": "Feature",
      "properties": {
        "@id": "node/6371804807",
        "amenity": "fuel",
        "name": "Pertamini"
      },
      "geometry": {
        "type": "Point",
        "coordinates": [
          107.1282812,
          -6.9252459
        ]
      },
      "id": "node/6371804807"
    },
    {
      "type": "Feature",
      "properties": {
        "@id": "node/6371804991",
        "amenity": "fuel",
        "name": "Pertamini"
      },
      "geometry": {
        "type": "Point",
        "coordinates": [
          107.136008,
          -6.9288393
        ]
      },
      "id": "node/6371804991"
    },
    {
      "type": "Feature",
      "properties": {
        "@id": "node/6377785288",
        "amenity": "fuel",
        "name": "Pertamini"
      },
      "geometry": {
        "type": "Point",
        "coordinates": [
          107.0072661,
          -6.9319976
        ]
      },
      "id": "node/6377785288"
    },
    {
      "type": "Feature",
      "properties": {
        "@id": "node/6377788288",
        "amenity": "fuel",
        "name": "Pertamini"
      },
      "geometry": {
        "type": "Point",
        "coordinates": [
          107.0068782,
          -6.9282104
        ]
      },
      "id": "node/6377788288"
    },
    {
      "type": "Feature",
      "properties": {
        "@id": "node/6377796087",
        "amenity": "fuel",
        "name": "Pertamini"
      },
      "geometry": {
        "type": "Point",
        "coordinates": [
          106.9892932,
          -6.916561
        ]
      },
      "id": "node/6377796087"
    },
    {
      "type": "Feature",
      "properties": {
        "@id": "node/6377823286",
        "amenity": "fuel",
        "name": "Pertamini"
      },
      "geometry": {
        "type": "Point",
        "coordinates": [
          107.00544,
          -6.9196743
        ]
      },
      "id": "node/6377823286"
    },
    {
      "type": "Feature",
      "properties": {
        "@id": "node/6377823289",
        "amenity": "fuel",
        "name": "Pertamini"
      },
      "geometry": {
        "type": "Point",
        "coordinates": [
          107.0000785,
          -6.916251
        ]
      },
      "id": "node/6377823289"
    },
    {
      "type": "Feature",
      "properties": {
        "@id": "node/6377823291",
        "amenity": "fuel",
        "name": "Pertamini"
      },
      "geometry": {
        "type": "Point",
        "coordinates": [
          106.9943314,
          -6.9155659
        ]
      },
      "id": "node/6377823291"
    },
    {
      "type": "Feature",
      "properties": {
        "@id": "node/6377823293",
        "amenity": "fuel",
        "name": "Pertamini"
      },
      "geometry": {
        "type": "Point",
        "coordinates": [
          106.9817106,
          -6.9198433
        ]
      },
      "id": "node/6377823293"
    },
    {
      "type": "Feature",
      "properties": {
        "@id": "node/6377823294",
        "amenity": "fuel",
        "name": "Pertamini"
      },
      "geometry": {
        "type": "Point",
        "coordinates": [
          106.981663,
          -6.9206136
        ]
      },
      "id": "node/6377823294"
    },
    {
      "type": "Feature",
      "properties": {
        "@id": "node/6377823305",
        "amenity": "fuel",
        "name": "Pertamini"
      },
      "geometry": {
        "type": "Point",
        "coordinates": [
          106.966304,
          -6.9172526
        ]
      },
      "id": "node/6377823305"
    },
    {
      "type": "Feature",
      "properties": {
        "@id": "node/6377823385",
        "amenity": "fuel",
        "name": "Pertamini"
      },
      "geometry": {
        "type": "Point",
        "coordinates": [
          107.0077396,
          -6.9225317
        ]
      },
      "id": "node/6377823385"
    },
    {
      "type": "Feature",
      "properties": {
        "@id": "node/6377823389",
        "amenity": "fuel",
        "name": "Pertamini"
      },
      "geometry": {
        "type": "Point",
        "coordinates": [
          106.9827753,
          -6.9189306
        ]
      },
      "id": "node/6377823389"
    },
    {
      "type": "Feature",
      "properties": {
        "@id": "node/6377823390",
        "amenity": "fuel",
        "name": "Pertamini"
      },
      "geometry": {
        "type": "Point",
        "coordinates": [
          106.9755451,
          -6.918298
        ]
      },
      "id": "node/6377823390"
    },
    {
      "type": "Feature",
      "properties": {
        "@id": "node/6383102215",
        "amenity": "fuel",
        "name": "Pertamini"
      },
      "geometry": {
        "type": "Point",
        "coordinates": [
          107.1455745,
          -6.8256594
        ]
      },
      "id": "node/6383102215"
    },
    {
      "type": "Feature",
      "properties": {
        "@id": "node/6383102233",
        "amenity": "fuel",
        "name": "Pertamini"
      },
      "geometry": {
        "type": "Point",
        "coordinates": [
          107.1473829,
          -6.8265564
        ]
      },
      "id": "node/6383102233"
    },
    {
      "type": "Feature",
      "properties": {
        "@id": "node/6383102240",
        "amenity": "fuel",
        "name": "Pertamini"
      },
      "geometry": {
        "type": "Point",
        "coordinates": [
          107.1492159,
          -6.8272693
        ]
      },
      "id": "node/6383102240"
    },
    {
      "type": "Feature",
      "properties": {
        "@id": "node/6383102242",
        "amenity": "fuel",
        "name": "Pertamini"
      },
      "geometry": {
        "type": "Point",
        "coordinates": [
          107.1523059,
          -6.8278069
        ]
      },
      "id": "node/6383102242"
    },
    {
      "type": "Feature",
      "properties": {
        "@id": "node/6383102244",
        "amenity": "fuel",
        "name": "Pertamini"
      },
      "geometry": {
        "type": "Point",
        "coordinates": [
          107.1587305,
          -6.8206627
        ]
      },
      "id": "node/6383102244"
    },
    {
      "type": "Feature",
      "properties": {
        "@id": "node/6383102247",
        "amenity": "fuel",
        "name": "Pertamini"
      },
      "geometry": {
        "type": "Point",
        "coordinates": [
          107.1553929,
          -6.8205252
        ]
      },
      "id": "node/6383102247"
    },
    {
      "type": "Feature",
      "properties": {
        "@id": "node/6383102266",
        "amenity": "fuel",
        "name": "Pertamini"
      },
      "geometry": {
        "type": "Point",
        "coordinates": [
          107.1465298,
          -6.8208509
        ]
      },
      "id": "node/6383102266"
    },
    {
      "type": "Feature",
      "properties": {
        "@id": "node/6383103204",
        "amenity": "fuel",
        "name": "Pertamini"
      },
      "geometry": {
        "type": "Point",
        "coordinates": [
          107.1432961,
          -6.8279811
        ]
      },
      "id": "node/6383103204"
    },
    {
      "type": "Feature",
      "properties": {
        "@id": "node/6383103222",
        "amenity": "fuel",
        "name": "Pertamini"
      },
      "geometry": {
        "type": "Point",
        "coordinates": [
          107.1482404,
          -6.8269468
        ]
      },
      "id": "node/6383103222"
    },
    {
      "type": "Feature",
      "properties": {
        "@id": "node/6383103233",
        "amenity": "fuel",
        "name": "Pertamini"
      },
      "geometry": {
        "type": "Point",
        "coordinates": [
          107.1563379,
          -6.8287848
        ]
      },
      "id": "node/6383103233"
    },
    {
      "type": "Feature",
      "properties": {
        "@id": "node/6383103234",
        "amenity": "fuel",
        "name": "Pertamini"
      },
      "geometry": {
        "type": "Point",
        "coordinates": [
          107.1635177,
          -6.8236202
        ]
      },
      "id": "node/6383103234"
    },
    {
      "type": "Feature",
      "properties": {
        "@id": "node/6383103240",
        "amenity": "fuel",
        "name": "Pertamini"
      },
      "geometry": {
        "type": "Point",
        "coordinates": [
          107.1630453,
          -6.8209236
        ]
      },
      "id": "node/6383103240"
    },
    {
      "type": "Feature",
      "properties": {
        "@id": "node/6383103241",
        "amenity": "fuel",
        "name": "Pertamini"
      },
      "geometry": {
        "type": "Point",
        "coordinates": [
          107.1605367,
          -6.8206762
        ]
      },
      "id": "node/6383103241"
    },
    {
      "type": "Feature",
      "properties": {
        "@id": "node/6383103249",
        "amenity": "fuel",
        "name": "Pertamini"
      },
      "geometry": {
        "type": "Point",
        "coordinates": [
          107.153546,
          -6.8208474
        ]
      },
      "id": "node/6383103249"
    },
    {
      "type": "Feature",
      "properties": {
        "@id": "node/6383103250",
        "amenity": "fuel",
        "name": "Pertamini"
      },
      "geometry": {
        "type": "Point",
        "coordinates": [
          107.151471,
          -6.82102
        ]
      },
      "id": "node/6383103250"
    },
    {
      "type": "Feature",
      "properties": {
        "@id": "node/6383103268",
        "amenity": "fuel",
        "name": "Pertamini"
      },
      "geometry": {
        "type": "Point",
        "coordinates": [
          107.1465102,
          -6.8202507
        ]
      },
      "id": "node/6383103268"
    },
    {
      "type": "Feature",
      "properties": {
        "@id": "node/6383111209",
        "amenity": "fuel",
        "name": "Pertamini"
      },
      "geometry": {
        "type": "Point",
        "coordinates": [
          107.1540121,
          -6.8282784
        ]
      },
      "id": "node/6383111209"
    },
    {
      "type": "Feature",
      "properties": {
        "@id": "node/6383113892",
        "amenity": "fuel",
        "name": "Pertamini"
      },
      "geometry": {
        "type": "Point",
        "coordinates": [
          107.1554863,
          -6.8286431
        ]
      },
      "id": "node/6383113892"
    },
    {
      "type": "Feature",
      "properties": {
        "@id": "node/6383114385",
        "amenity": "fuel",
        "name": "Pertamini"
      },
      "geometry": {
        "type": "Point",
        "coordinates": [
          107.1465554,
          -6.8262288
        ]
      },
      "id": "node/6383114385"
    },
    {
      "type": "Feature",
      "properties": {
        "@id": "node/6393440287",
        "amenity": "fuel",
        "name": "Pertamini"
      },
      "geometry": {
        "type": "Point",
        "coordinates": [
          106.8960202,
          -6.1153224
        ]
      },
      "id": "node/6393440287"
    },
    {
      "type": "Feature",
      "properties": {
        "@id": "node/6393446786",
        "amenity": "fuel",
        "name": "Pertamini"
      },
      "geometry": {
        "type": "Point",
        "coordinates": [
          106.8995032,
          -6.114359
        ]
      },
      "id": "node/6393446786"
    },
    {
      "type": "Feature",
      "properties": {
        "@id": "node/6400698788",
        "amenity": "fuel",
        "name": "Pertamini"
      },
      "geometry": {
        "type": "Point",
        "coordinates": [
          106.8031031,
          -6.1165852
        ]
      },
      "id": "node/6400698788"
    },
    {
      "type": "Feature",
      "properties": {
        "@id": "node/6400793488",
        "amenity": "fuel",
        "name": "Pertamini"
      },
      "geometry": {
        "type": "Point",
        "coordinates": [
          106.8026981,
          -6.1135467
        ]
      },
      "id": "node/6400793488"
    },
    {
      "type": "Feature",
      "properties": {
        "@id": "node/6400793492",
        "amenity": "fuel",
        "name": "Pertamini"
      },
      "geometry": {
        "type": "Point",
        "coordinates": [
          106.8037071,
          -6.1206317
        ]
      },
      "id": "node/6400793492"
    },
    {
      "type": "Feature",
      "properties": {
        "@id": "node/6400793493",
        "amenity": "fuel",
        "name": "Pertamini"
      },
      "geometry": {
        "type": "Point",
        "coordinates": [
          106.8038019,
          -6.1206259
        ]
      },
      "id": "node/6400793493"
    },
    {
      "type": "Feature",
      "properties": {
        "@id": "node/6400808288",
        "amenity": "fuel",
        "name": "Pertamini"
      },
      "geometry": {
        "type": "Point",
        "coordinates": [
          106.8038541,
          -6.1240755
        ]
      },
      "id": "node/6400808288"
    },
    {
      "type": "Feature",
      "properties": {
        "@id": "node/6400809589",
        "amenity": "fuel",
        "name": "Pertamini"
      },
      "geometry": {
        "type": "Point",
        "coordinates": [
          106.8026141,
          -6.1118487
        ]
      },
      "id": "node/6400809589"
    },
    {
      "type": "Feature",
      "properties": {
        "@id": "node/6400822588",
        "amenity": "fuel"
      },
      "geometry": {
        "type": "Point",
        "coordinates": [
          106.8034509,
          -6.118815
        ]
      },
      "id": "node/6400822588"
    },
    {
      "type": "Feature",
      "properties": {
        "@id": "node/6400825386",
        "amenity": "fuel"
      },
      "geometry": {
        "type": "Point",
        "coordinates": [
          106.8032263,
          -6.1173903
        ]
      },
      "id": "node/6400825386"
    },
    {
      "type": "Feature",
      "properties": {
        "@id": "node/6423635186",
        "amenity": "fuel",
        "name": "Pertamini"
      },
      "geometry": {
        "type": "Point",
        "coordinates": [
          106.8289199,
          -6.3386209
        ]
      },
      "id": "node/6423635186"
    },
    {
      "type": "Feature",
      "properties": {
        "@id": "node/6424661687",
        "amenity": "fuel",
        "name": "Pertamini"
      },
      "geometry": {
        "type": "Point",
        "coordinates": [
          106.8197888,
          -6.3504344
        ]
      },
      "id": "node/6424661687"
    },
    {
      "type": "Feature",
      "properties": {
        "@id": "node/6424662185",
        "amenity": "fuel",
        "name": "Pertamini"
      },
      "geometry": {
        "type": "Point",
        "coordinates": [
          106.819408,
          -6.3516429
        ]
      },
      "id": "node/6424662185"
    },
    {
      "type": "Feature",
      "properties": {
        "@id": "node/6426965185",
        "amenity": "fuel"
      },
      "geometry": {
        "type": "Point",
        "coordinates": [
          108.7093768,
          -6.8186891
        ]
      },
      "id": "node/6426965185"
    },
    {
      "type": "Feature",
      "properties": {
        "@id": "node/6442989486",
        "addr:city": "Tangerang",
        "addr:postcode": "15720",
        "addr:street": "Jalan Aria Jaya Sentika",
        "amenity": "fuel",
        "int_name": "SPBU Tigaraksa",
        "name": "SPBU Tigaraksa",
        "name:en": "SPBU Tigaraksa",
        "opening_hours": "Mo-Su 06:30-20:30"
      },
      "geometry": {
        "type": "Point",
        "coordinates": [
          106.4722441,
          -6.2419691
        ]
      },
      "id": "node/6442989486"
    },
    {
      "type": "Feature",
      "properties": {
        "@id": "node/6443225085",
        "addr:city": "Tangerang",
        "addr:postcode": "15720",
        "addr:street": "Pemda Tangerang",
        "amenity": "fuel",
        "int_name": "SPBU Tigaraksa",
        "name": "SPBU Tigaraksa",
        "name:en": "SPBU Tigaraksa"
      },
      "geometry": {
        "type": "Point",
        "coordinates": [
          106.4853914,
          -6.2595799
        ]
      },
      "id": "node/6443225085"
    },
    {
      "type": "Feature",
      "properties": {
        "@id": "node/6451087615",
        "amenity": "fuel"
      },
      "geometry": {
        "type": "Point",
        "coordinates": [
          108.7899102,
          -7.4942083
        ]
      },
      "id": "node/6451087615"
    },
    {
      "type": "Feature",
      "properties": {
        "@id": "node/6474610314",
        "amenity": "fuel",
        "brand": "Pertamina",
        "brand:wikidata": "Q1641044",
        "name": "SPBU Pertamina 3416935",
        "operator": "3416935"
      },
      "geometry": {
        "type": "Point",
        "coordinates": [
          106.8444226,
          -6.4892755
        ]
      },
      "id": "node/6474610314"
    },
    {
      "type": "Feature",
      "properties": {
        "@id": "node/6595651879",
        "addr:postcode": "15720",
        "amenity": "fuel",
        "name": "Pertamini"
      },
      "geometry": {
        "type": "Point",
        "coordinates": [
          106.4665011,
          -6.2495583
        ]
      },
      "id": "node/6595651879"
    },
    {
      "type": "Feature",
      "properties": {
        "@id": "node/6601797127",
        "addr:city": "Bandung",
        "addr:street": "Jalan Raya Banjaran - Pangalengan",
        "amenity": "fuel",
        "fuel:diesel": "yes",
        "fuel:octane_92": "yes",
        "name": "SPBU 34.403.27",
        "operator": "Pertamina",
        "toilets": "yes"
      },
      "geometry": {
        "type": "Point",
        "coordinates": [
          107.5569758,
          -7.1096121
        ]
      },
      "id": "node/6601797127"
    },
    {
      "type": "Feature",
      "properties": {
        "@id": "node/6648798783",
        "addr:city": "Karang Mulya",
        "addr:postcode": "15157",
        "addr:street": "Jalan Raden Saleh Raya",
        "amenity": "fuel",
        "brand": "Pertamina",
        "brand:wikidata": "Q1641044",
        "brand:wikipedia": "en:Pertamina",
        "name": "SPBU Pertamina"
      },
      "geometry": {
        "type": "Point",
        "coordinates": [
          106.7172371,
          -6.203834
        ]
      },
      "id": "node/6648798783"
    },
    {
      "type": "Feature",
      "properties": {
        "@id": "node/6656313290",
        "amenity": "fuel",
        "name": "SPBU Banjaran"
      },
      "geometry": {
        "type": "Point",
        "coordinates": [
          107.5692844,
          -7.0569869
        ]
      },
      "id": "node/6656313290"
    },
    {
      "type": "Feature",
      "properties": {
        "@id": "node/6660138547",
        "addr:city": "Padalarang",
        "addr:street": "Jalan Kota Baru Parahyangan",
        "amenity": "fuel",
        "brand": "Pertamina",
        "brand:wikidata": "Q1641044",
        "compressed_air": "yes",
        "fuel:diesel": "yes",
        "fuel:octane_90": "yes",
        "fuel:octane_92": "yes",
        "fuel:octane_95": "yes",
        "fuel:octane_98": "yes",
        "name": "Pertamina",
        "opening_hours": "Mo-Su,PH 05:00-21:00",
        "operator": "Pertamina",
        "ref": "31.405.01"
      },
      "geometry": {
        "type": "Point",
        "coordinates": [
          107.4909934,
          -6.8561134
        ]
      },
      "id": "node/6660138547"
    },
    {
      "type": "Feature",
      "properties": {
        "@id": "node/6698590914",
        "addr:city": "Tangerang",
        "amenity": "fuel",
        "name": "SPBU Tangerang"
      },
      "geometry": {
        "type": "Point",
        "coordinates": [
          106.5010252,
          -6.2304336
        ]
      },
      "id": "node/6698590914"
    },
    {
      "type": "Feature",
      "properties": {
        "@id": "node/6708887001",
        "amenity": "fuel",
        "name": "BP"
      },
      "geometry": {
        "type": "Point",
        "coordinates": [
          107.4440571,
          -6.4652464
        ]
      },
      "id": "node/6708887001"
    },
    {
      "type": "Feature",
      "properties": {
        "@id": "node/6722627348",
        "amenity": "fuel",
        "brand": "Pertamina",
        "brand:wikidata": "Q1641044",
        "brand:wikipedia": "en:Pertamina",
        "name": "Pertamina"
      },
      "geometry": {
        "type": "Point",
        "coordinates": [
          107.4468758,
          -6.5297462
        ]
      },
      "id": "node/6722627348"
    },
    {
      "type": "Feature",
      "properties": {
        "@id": "node/6722627349",
        "amenity": "fuel",
        "brand": "Pertamina",
        "brand:wikidata": "Q1641044",
        "brand:wikipedia": "en:Pertamina",
        "name": "Pertamina"
      },
      "geometry": {
        "type": "Point",
        "coordinates": [
          107.4448974,
          -6.5342927
        ]
      },
      "id": "node/6722627349"
    },
    {
      "type": "Feature",
      "properties": {
        "@id": "node/6722627350",
        "amenity": "fuel",
        "brand": "Pertamina",
        "brand:wikidata": "Q1641044",
        "brand:wikipedia": "en:Pertamina",
        "name": "Pertamina"
      },
      "geometry": {
        "type": "Point",
        "coordinates": [
          107.4354744,
          -6.5283814
        ]
      },
      "id": "node/6722627350"
    },
    {
      "type": "Feature",
      "properties": {
        "@id": "node/6722627351",
        "amenity": "fuel",
        "brand": "Pertamina",
        "brand:wikidata": "Q1641044",
        "brand:wikipedia": "en:Pertamina",
        "name": "Pertamina"
      },
      "geometry": {
        "type": "Point",
        "coordinates": [
          107.436438,
          -6.5612268
        ]
      },
      "id": "node/6722627351"
    },
    {
      "type": "Feature",
      "properties": {
        "@id": "node/6729074248",
        "amenity": "fuel",
        "brand": "Pertamina",
        "brand:wikidata": "Q1641044",
        "brand:wikipedia": "en:Pertamina",
        "name": "Pertamina"
      },
      "geometry": {
        "type": "Point",
        "coordinates": [
          106.636117,
          -6.192772
        ]
      },
      "id": "node/6729074248"
    },
    {
      "type": "Feature",
      "properties": {
        "@id": "node/6729074250",
        "amenity": "fuel",
        "brand": "Pertamina",
        "brand:wikidata": "Q1641044",
        "brand:wikipedia": "en:Pertamina",
        "name": "Pertamina"
      },
      "geometry": {
        "type": "Point",
        "coordinates": [
          106.6362768,
          -6.1928407
        ]
      },
      "id": "node/6729074250"
    },
    {
      "type": "Feature",
      "properties": {
        "@id": "node/6729074251",
        "amenity": "fuel",
        "brand": "Pertamina",
        "brand:wikidata": "Q1641044",
        "brand:wikipedia": "en:Pertamina",
        "name": "Pertamina"
      },
      "geometry": {
        "type": "Point",
        "coordinates": [
          106.6724143,
          -6.1718692
        ]
      },
      "id": "node/6729074251"
    },
    {
      "type": "Feature",
      "properties": {
        "@id": "node/6731965409",
        "amenity": "fuel",
        "brand": "Pertamina",
        "brand:wikidata": "Q1641044",
        "brand:wikipedia": "en:Pertamina",
        "name": "Pertamina"
      },
      "geometry": {
        "type": "Point",
        "coordinates": [
          106.5010681,
          -6.2302483
        ]
      },
      "id": "node/6731965409"
    },
    {
      "type": "Feature",
      "properties": {
        "@id": "node/6788840485",
        "amenity": "fuel",
        "brand": "Pertamina",
        "brand:wikidata": "Q1641044",
        "brand:wikipedia": "en:Pertamina",
        "fuel:diesel": "yes",
        "name": "Pertamina",
        "self_service": "no"
      },
      "geometry": {
        "type": "Point",
        "coordinates": [
          107.3614504,
          -6.3684827
        ]
      },
      "id": "node/6788840485"
    },
    {
      "type": "Feature",
      "properties": {
        "@id": "node/6788925186",
        "amenity": "fuel",
        "brand": "Pertamina",
        "brand:wikidata": "Q1641044",
        "name": "Pertamina"
      },
      "geometry": {
        "type": "Point",
        "coordinates": [
          107.5820851,
          -6.9413633
        ]
      },
      "id": "node/6788925186"
    },
    {
      "type": "Feature",
      "properties": {
        "@id": "node/6865964881",
        "addr:city": "Sukabumi",
        "addr:district": "Baros",
        "addr:housenumber": "234",
        "addr:postcode": "43161",
        "addr:province": "Jawa Barat",
        "addr:street": "Jalan Baros",
        "addr:subdistrict": "Baros",
        "amenity": "fuel",
        "brand": "Pertamina",
        "fuel:diesel": "yes",
        "fuel:gasoline": "yes",
        "name": "SPBU Pertamina 34.43111 Baros",
        "operator": "Pertamina",
        "self_service": "no"
      },
      "geometry": {
        "type": "Point",
        "coordinates": [
          106.9368625,
          -6.964059
        ]
      },
      "id": "node/6865964881"
    },
    {
      "type": "Feature",
      "properties": {
        "@id": "node/6881995217",
        "amenity": "fuel",
        "name": "Pertamini"
      },
      "geometry": {
        "type": "Point",
        "coordinates": [
          106.9358319,
          -6.3515724
        ]
      },
      "id": "node/6881995217"
    },
    {
      "type": "Feature",
      "properties": {
        "@id": "node/6883968485",
        "amenity": "fuel",
        "name": "SPBU Pertamina"
      },
      "geometry": {
        "type": "Point",
        "coordinates": [
          106.6807577,
          -6.115164
        ]
      },
      "id": "node/6883968485"
    },
    {
      "type": "Feature",
      "properties": {
        "@id": "node/6887815985",
        "amenity": "fuel",
        "brand": "Shell",
        "brand:wikidata": "Q110716465",
        "name": "Shell",
        "name:en": "Shell"
      },
      "geometry": {
        "type": "Point",
        "coordinates": [
          106.6750168,
          -6.11959
        ]
      },
      "id": "node/6887815985"
    },
    {
      "type": "Feature",
      "properties": {
        "@id": "node/6900290686",
        "amenity": "fuel"
      },
      "geometry": {
        "type": "Point",
        "coordinates": [
          106.814329,
          -6.1957759
        ]
      },
      "id": "node/6900290686"
    },
    {
      "type": "Feature",
      "properties": {
        "@id": "node/6908411685",
        "amenity": "fuel",
        "brand": "Pertamina",
        "brand:wikidata": "Q1641044",
        "name": "Pertamina"
      },
      "geometry": {
        "type": "Point",
        "coordinates": [
          106.6324439,
          -6.1451683
        ]
      },
      "id": "node/6908411685"
    },
    {
      "type": "Feature",
      "properties": {
        "@id": "node/6923970719",
        "addr:city": "DKI Jakarta",
        "amenity": "fuel",
        "name": "SPBG Ancol",
        "operator": "Jakpro"
      },
      "geometry": {
        "type": "Point",
        "coordinates": [
          106.8305692,
          -6.1277186
        ]
      },
      "id": "node/6923970719"
    },
    {
      "type": "Feature",
      "properties": {
        "@id": "node/6928898487",
        "amenity": "fuel"
      },
      "geometry": {
        "type": "Point",
        "coordinates": [
          106.6627025,
          -6.1049694
        ]
      },
      "id": "node/6928898487"
    },
    {
      "type": "Feature",
      "properties": {
        "@id": "node/7025207585",
        "amenity": "fuel",
        "brand": "pertalite",
        "name": "pom mini"
      },
      "geometry": {
        "type": "Point",
        "coordinates": [
          107.5571616,
          -6.2162728
        ]
      },
      "id": "node/7025207585"
    },
    {
      "type": "Feature",
      "properties": {
        "@id": "node/7045154227",
        "amenity": "fuel",
        "brand": "Pertamina",
        "brand:wikidata": "Q1641044",
        "building": "roof",
        "name": "Pertamina"
      },
      "geometry": {
        "type": "Point",
        "coordinates": [
          106.9457921,
          -6.2129739
        ]
      },
      "id": "node/7045154227"
    },
    {
      "type": "Feature",
      "properties": {
        "@id": "node/7095019422",
        "amenity": "fuel",
        "brand": "Pertamina",
        "brand:wikidata": "Q1641044",
        "brand:wikipedia": "en:Pertamina",
        "name": "Pertamina"
      },
      "geometry": {
        "type": "Point",
        "coordinates": [
          108.706328,
          -6.883918
        ]
      },
      "id": "node/7095019422"
    },
    {
      "type": "Feature",
      "properties": {
        "@id": "node/7095019423",
        "amenity": "fuel",
        "brand": "Pertamina",
        "brand:wikidata": "Q1641044",
        "brand:wikipedia": "en:Pertamina",
        "name": "Pertamina"
      },
      "geometry": {
        "type": "Point",
        "coordinates": [
          108.7043264,
          -6.8817069
        ]
      },
      "id": "node/7095019423"
    },
    {
      "type": "Feature",
      "properties": {
        "@id": "node/7095073728",
        "amenity": "fuel",
        "brand": "Pertamina",
        "brand:wikidata": "Q1641044",
        "brand:wikipedia": "en:Pertamina",
        "name": "Pertamina"
      },
      "geometry": {
        "type": "Point",
        "coordinates": [
          107.703198,
          -6.9686108
        ]
      },
      "id": "node/7095073728"
    },
    {
      "type": "Feature",
      "properties": {
        "@id": "node/7138972963",
        "amenity": "fuel",
        "brand": "Pertamina",
        "fuel:octane_91": "yes",
        "fuel:octane_92": "yes",
        "name": "SPBU Bojongbaru"
      },
      "geometry": {
        "type": "Point",
        "coordinates": [
          106.8084705,
          -6.4817244
        ]
      },
      "id": "node/7138972963"
    },
    {
      "type": "Feature",
      "properties": {
        "@id": "node/7140475082",
        "amenity": "fuel",
        "brand": "Pertamina",
        "brand:wikidata": "Q1641044",
        "fuel:biodiesel": "yes",
        "fuel:diesel": "no",
        "fuel:octane_87": "yes",
        "fuel:octane_92": "yes",
        "fuel:octane_95": "yes",
        "fuel:octane_98": "no",
        "name": "Pertamina"
      },
      "geometry": {
        "type": "Point",
        "coordinates": [
          106.8002173,
          -6.4827398
        ]
      },
      "id": "node/7140475082"
    },
    {
      "type": "Feature",
      "properties": {
        "@id": "node/7203973910",
        "amenity": "fuel"
      },
      "geometry": {
        "type": "Point",
        "coordinates": [
          106.5432963,
          -6.986709
        ]
      },
      "id": "node/7203973910"
    },
    {
      "type": "Feature",
      "properties": {
        "@id": "node/7839654191",
        "amenity": "fuel",
        "name": "Pertamini"
      },
      "geometry": {
        "type": "Point",
        "coordinates": [
          107.2505168,
          -6.8147279
        ]
      },
      "id": "node/7839654191"
    },
    {
      "type": "Feature",
      "properties": {
        "@id": "node/7839654289",
        "amenity": "fuel",
        "name": "Pertamini"
      },
      "geometry": {
        "type": "Point",
        "coordinates": [
          107.247552,
          -6.8147914
        ]
      },
      "id": "node/7839654289"
    },
    {
      "type": "Feature",
      "properties": {
        "@id": "node/7839654394",
        "amenity": "fuel",
        "name": "Pertamini"
      },
      "geometry": {
        "type": "Point",
        "coordinates": [
          107.2455919,
          -6.8145953
        ]
      },
      "id": "node/7839654394"
    },
    {
      "type": "Feature",
      "properties": {
        "@id": "node/7839655785",
        "amenity": "fuel",
        "name": "Pertamini"
      },
      "geometry": {
        "type": "Point",
        "coordinates": [
          107.2510435,
          -6.8149325
        ]
      },
      "id": "node/7839655785"
    },
    {
      "type": "Feature",
      "properties": {
        "@id": "node/7839655787",
        "amenity": "fuel",
        "name": "Pertamini"
      },
      "geometry": {
        "type": "Point",
        "coordinates": [
          107.2514191,
          -6.8152404
        ]
      },
      "id": "node/7839655787"
    },
    {
      "type": "Feature",
      "properties": {
        "@id": "node/7839668099",
        "amenity": "fuel",
        "name": "Pertamini"
      },
      "geometry": {
        "type": "Point",
        "coordinates": [
          107.2529485,
          -6.8055735
        ]
      },
      "id": "node/7839668099"
    },
    {
      "type": "Feature",
      "properties": {
        "@id": "node/7839668293",
        "amenity": "fuel",
        "name": "Pertamini"
      },
      "geometry": {
        "type": "Point",
        "coordinates": [
          107.2537055,
          -6.7998515
        ]
      },
      "id": "node/7839668293"
    },
    {
      "type": "Feature",
      "properties": {
        "@id": "node/7839668386",
        "amenity": "fuel",
        "name": "Pertamini"
      },
      "geometry": {
        "type": "Point",
        "coordinates": [
          107.253695,
          -6.8168835
        ]
      },
      "id": "node/7839668386"
    },
    {
      "type": "Feature",
      "properties": {
        "@id": "node/7839668400",
        "amenity": "fuel",
        "name": "Pertamini"
      },
      "geometry": {
        "type": "Point",
        "coordinates": [
          107.2531114,
          -6.8010846
        ]
      },
      "id": "node/7839668400"
    },
    {
      "type": "Feature",
      "properties": {
        "@id": "node/7880507192",
        "amenity": "fuel",
        "name": "Pertamini"
      },
      "geometry": {
        "type": "Point",
        "coordinates": [
          106.9118845,
          -6.9179997
        ]
      },
      "id": "node/7880507192"
    },
    {
      "type": "Feature",
      "properties": {
        "@id": "node/7880510789",
        "amenity": "fuel",
        "name": "Pertamina 34-43101"
      },
      "geometry": {
        "type": "Point",
        "coordinates": [
          106.9099575,
          -6.9171634
        ]
      },
      "id": "node/7880510789"
    },
    {
      "type": "Feature",
      "properties": {
        "@id": "node/7909020587",
        "amenity": "fuel",
        "name": "Pertamini"
      },
      "geometry": {
        "type": "Point",
        "coordinates": [
          106.930094,
          -6.9170209
        ]
      },
      "id": "node/7909020587"
    },
    {
      "type": "Feature",
      "properties": {
        "@id": "node/7909020608",
        "amenity": "fuel",
        "name": "Pertamini"
      },
      "geometry": {
        "type": "Point",
        "coordinates": [
          106.923107,
          -6.9153006
        ]
      },
      "id": "node/7909020608"
    },
    {
      "type": "Feature",
      "properties": {
        "@id": "node/7909020610",
        "amenity": "fuel",
        "name": "Pertamini"
      },
      "geometry": {
        "type": "Point",
        "coordinates": [
          106.9234223,
          -6.9195275
        ]
      },
      "id": "node/7909020610"
    },
    {
      "type": "Feature",
      "properties": {
        "@id": "node/8025196059",
        "amenity": "fuel",
        "brand": "Mobil",
        "brand:wikidata": "Q3088656",
        "brand:wikipedia": "en:Mobil",
        "fuel:octane_92": "yes",
        "name": "Mobil",
        "operator": "Mobil"
      },
      "geometry": {
        "type": "Point",
        "coordinates": [
          107.3789673,
          -6.7338697
        ]
      },
      "id": "node/8025196059"
    },
    {
      "type": "Feature",
      "properties": {
        "@id": "node/8025260562",
        "amenity": "fuel",
        "brand": "Mobil",
        "brand:wikidata": "Q3088656",
        "brand:wikipedia": "en:Mobil",
        "fuel:octane_92": "yes",
        "name": "Mobil",
        "operator": "Mobil"
      },
      "geometry": {
        "type": "Point",
        "coordinates": [
          107.3665326,
          -6.7376281
        ]
      },
      "id": "node/8025260562"
    },
    {
      "type": "Feature",
      "properties": {
        "@id": "node/8032238647",
        "amenity": "fuel",
        "brand": "Pertamina",
        "fuel:Dexlite": "yes",
        "fuel:Pertalite_90": "yes",
        "fuel:Pertamax_92": "yes",
        "fuel:biodiesel": "yes",
        "name": "Pertamina",
        "ref": "34.405.24"
      },
      "geometry": {
        "type": "Point",
        "coordinates": [
          107.5375554,
          -6.866383
        ]
      },
      "id": "node/8032238647"
    },
    {
      "type": "Feature",
      "properties": {
        "@id": "node/8032305647",
        "amenity": "fuel",
        "brand": "Pertamina",
        "brand:wikidata": "Q1641044",
        "fuel:biosolar": "yes",
        "fuel:diesel": "yes",
        "fuel:octane_90": "yes",
        "fuel:octane_92": "yes",
        "name": "Pertamina",
        "operator": "Pertamina",
        "ref": "34.405.07"
      },
      "geometry": {
        "type": "Point",
        "coordinates": [
          107.5215635,
          -6.8685756
        ]
      },
      "id": "node/8032305647"
    },
    {
      "type": "Feature",
      "properties": {
        "@id": "node/8038922197",
        "amenity": "fuel",
        "brand": "Pertamina",
        "brand:wikidata": "Q1641044",
        "fuel:biodiesel": "yes",
        "fuel:dexlite": "yes",
        "fuel:pertalite": "yes",
        "fuel:pertamax_92": "yes",
        "name": "Pertamina",
        "operator": "Pertamina",
        "ref": "34.40505"
      },
      "geometry": {
        "type": "Point",
        "coordinates": [
          107.5103694,
          -6.8633107
        ]
      },
      "id": "node/8038922197"
    },
    {
      "type": "Feature",
      "properties": {
        "@id": "node/8240858248",
        "amenity": "fuel",
        "brand": "Pertamina",
        "brand:wikidata": "Q1641044",
        "brand:wikipedia": "en:Pertamina",
        "name": "Pertamina"
      },
      "geometry": {
        "type": "Point",
        "coordinates": [
          108.4595445,
          -6.7043837
        ]
      },
      "id": "node/8240858248"
    },
    {
      "type": "Feature",
      "properties": {
        "@id": "node/8314735967",
        "amenity": "fuel",
        "brand": "Pertamina",
        "brand:wikidata": "Q1641044",
        "brand:wikipedia": "en:Pertamina",
        "name": "Pertamina"
      },
      "geometry": {
        "type": "Point",
        "coordinates": [
          107.945621,
          -6.307395
        ]
      },
      "id": "node/8314735967"
    },
    {
      "type": "Feature",
      "properties": {
        "@id": "node/8314743793",
        "amenity": "fuel",
        "brand": "Pertamina",
        "brand:wikidata": "Q1641044",
        "brand:wikipedia": "en:Pertamina",
        "name": "Pertamina"
      },
      "geometry": {
        "type": "Point",
        "coordinates": [
          107.9825147,
          -6.3120958
        ]
      },
      "id": "node/8314743793"
    },
    {
      "type": "Feature",
      "properties": {
        "@id": "node/8378086473",
        "amenity": "fuel",
        "brand": "Pertamina",
        "fuel:Pertalite": "yes",
        "fuel:Pertamax_92": "yes",
        "fuel:biodiesel": "yes",
        "name": "SPBU 34.40504",
        "operator": "Pertamina",
        "self_service": "no"
      },
      "geometry": {
        "type": "Point",
        "coordinates": [
          107.4415582,
          -6.7421186
        ]
      },
      "id": "node/8378086473"
    },
    {
      "type": "Feature",
      "properties": {
        "@id": "node/8378094595",
        "amenity": "fuel",
        "brand": "Pertamina",
        "brand:wikidata": "Q1641044",
        "fuel:biodiesel": "yes",
        "fuel:dexlite": "yes",
        "fuel:pertalite": "yes",
        "fuel:pertamax_92": "yes",
        "name": "Pertamina",
        "operator": "Pertamina",
        "ref": "34.40512"
      },
      "geometry": {
        "type": "Point",
        "coordinates": [
          107.4521717,
          -6.8048145
        ]
      },
      "id": "node/8378094595"
    },
    {
      "type": "Feature",
      "properties": {
        "@id": "node/8403928575",
        "amenity": "fuel",
        "brand": "Pertamina",
        "brand:wikidata": "Q1641044",
        "brand:wikipedia": "en:Pertamina",
        "name": "Pertamina"
      },
      "geometry": {
        "type": "Point",
        "coordinates": [
          107.4274833,
          -6.4282323
        ]
      },
      "id": "node/8403928575"
    },
    {
      "type": "Feature",
      "properties": {
        "@id": "node/8421907405",
        "amenity": "fuel",
        "brand": "Pertamina",
        "brand:wikidata": "Q1641044",
        "brand:wikipedia": "en:Pertamina",
        "name": "Pertamina"
      },
      "geometry": {
        "type": "Point",
        "coordinates": [
          107.3118657,
          -6.3294321
        ]
      },
      "id": "node/8421907405"
    },
    {
      "type": "Feature",
      "properties": {
        "@id": "node/8602219884",
        "amenity": "fuel",
        "name": "Bensin Kong Janin"
      },
      "geometry": {
        "type": "Point",
        "coordinates": [
          106.9986297,
          -6.2932768
        ]
      },
      "id": "node/8602219884"
    },
    {
      "type": "Feature",
      "properties": {
        "@id": "node/8608714377",
        "amenity": "fuel"
      },
      "geometry": {
        "type": "Point",
        "coordinates": [
          106.9959735,
          -6.2905477
        ]
      },
      "id": "node/8608714377"
    },
    {
      "type": "Feature",
      "properties": {
        "@id": "node/8717932055",
        "addr:housenumber": "151",
        "addr:street": "Jl. Tanah Baru, Tanah Baru, Kecamatan Beji, Kota Depok, Jawa Barat 16426",
        "amenity": "fuel",
        "brand": "Pertamina",
        "name": "SPBU 34.164.17",
        "website": "http://spbu.pertamina.com/"
      },
      "geometry": {
        "type": "Point",
        "coordinates": [
          106.8085519,
          -6.3812702
        ]
      },
      "id": "node/8717932055"
    },
    {
      "type": "Feature",
      "properties": {
        "@id": "node/8776466317",
        "addr:street": "Jalan Raden Dewi Sartika",
        "amenity": "fuel",
        "name": "Spbu"
      },
      "geometry": {
        "type": "Point",
        "coordinates": [
          108.4544542,
          -6.7604563
        ]
      },
      "id": "node/8776466317"
    },
    {
      "type": "Feature",
      "properties": {
        "@id": "node/8776467118",
        "amenity": "fuel",
        "brand": "Pertamina",
        "brand:website": "https://www.pertamina.com",
        "brand:wikidata": "Q1641044",
        "compressed_air": "yes",
        "full_service": "yes",
        "hgv": "yes",
        "name": "Pertamina 34.456.01",
        "operator": "Pertamina",
        "payment:cash": "yes",
        "payment:my_pertamina_app": "yes",
        "website": "https://mypertamina.id"
      },
      "geometry": {
        "type": "Point",
        "coordinates": [
          108.4191421,
          -6.7674159
        ]
      },
      "id": "node/8776467118"
    },
    {
      "type": "Feature",
      "properties": {
        "@id": "node/9331031205",
        "amenity": "fuel",
        "brand": "brand:wikidata=Q154950",
        "self_service": "no"
      },
      "geometry": {
        "type": "Point",
        "coordinates": [
          107.0165456,
          -6.2068822
        ]
      },
      "id": "node/9331031205"
    },
    {
      "type": "Feature",
      "properties": {
        "@id": "node/9441736418",
        "amenity": "fuel",
        "brand": "PT Pertamina (Persero)",
        "name": "SPBU Mini"
      },
      "geometry": {
        "type": "Point",
        "coordinates": [
          106.8342655,
          -6.3324991
        ]
      },
      "id": "node/9441736418"
    },
    {
      "type": "Feature",
      "properties": {
        "@id": "node/9468757859",
        "amenity": "fuel",
        "brand": "Pertamina",
        "fuel:diesel": "yes",
        "fuel:octane_90": "yes",
        "fuel:octane_92": "yes",
        "fuel:octane_98": "yes"
      },
      "geometry": {
        "type": "Point",
        "coordinates": [
          107.1193008,
          -6.3511647
        ]
      },
      "id": "node/9468757859"
    },
    {
      "type": "Feature",
      "properties": {
        "@id": "node/9717052612",
        "amenity": "fuel",
        "brand": "Pertamina",
        "brand:wikidata": "Q1641044",
        "name": "Pertamina"
      },
      "geometry": {
        "type": "Point",
        "coordinates": [
          108.5830121,
          -7.3399652
        ]
      },
      "id": "node/9717052612"
    },
    {
      "type": "Feature",
      "properties": {
        "@id": "node/9767510795",
        "amenity": "fuel",
        "name": "SPBU Cilongok"
      },
      "geometry": {
        "type": "Point",
        "coordinates": [
          106.5475667,
          -6.1724383
        ]
      },
      "id": "node/9767510795"
    },
    {
      "type": "Feature",
      "properties": {
        "@id": "node/9767605190",
        "amenity": "fuel",
        "name": "SPBU Pertamina"
      },
      "geometry": {
        "type": "Point",
        "coordinates": [
          106.6075563,
          -6.1712397
        ]
      },
      "id": "node/9767605190"
    },
    {
      "type": "Feature",
      "properties": {
        "@id": "node/9767616678",
        "amenity": "fuel"
      },
      "geometry": {
        "type": "Point",
        "coordinates": [
          106.6096652,
          -6.171257
        ]
      },
      "id": "node/9767616678"
    },
    {
      "type": "Feature",
      "properties": {
        "@id": "node/9770244858",
        "amenity": "fuel",
        "name": "SPBU Pertamina"
      },
      "geometry": {
        "type": "Point",
        "coordinates": [
          106.5294644,
          -6.1807022
        ]
      },
      "id": "node/9770244858"
    },
    {
      "type": "Feature",
      "properties": {
        "@id": "node/9771114537",
        "amenity": "fuel",
        "name": "SPBU Pertamina"
      },
      "geometry": {
        "type": "Point",
        "coordinates": [
          106.5936805,
          -6.1892953
        ]
      },
      "id": "node/9771114537"
    },
    {
      "type": "Feature",
      "properties": {
        "@id": "node/9821499218",
        "addr:postcode": "15151",
        "addr:street": "Jalan Haji Oemar Said Cokroaminoto",
        "amenity": "fuel",
        "name": "Pom bensin Ciledug"
      },
      "geometry": {
        "type": "Point",
        "coordinates": [
          106.7122657,
          -6.2256243
        ]
      },
      "id": "node/9821499218"
    },
    {
      "type": "Feature",
      "properties": {
        "@id": "node/9826761617",
        "amenity": "fuel",
        "name": "Pertamina"
      },
      "geometry": {
        "type": "Point",
        "coordinates": [
          106.6443195,
          -6.1615784
        ]
      },
      "id": "node/9826761617"
    },
    {
      "type": "Feature",
      "properties": {
        "@id": "node/9830496617",
        "amenity": "fuel",
        "name": "Pertamina"
      },
      "geometry": {
        "type": "Point",
        "coordinates": [
          106.9347397,
          -6.4189118
        ]
      },
      "id": "node/9830496617"
    },
    {
      "type": "Feature",
      "properties": {
        "@id": "node/9830614117",
        "amenity": "fuel",
        "name": "Pertamina"
      },
      "geometry": {
        "type": "Point",
        "coordinates": [
          106.8818663,
          -6.4631329
        ]
      },
      "id": "node/9830614117"
    },
    {
      "type": "Feature",
      "properties": {
        "@id": "node/9906937203",
        "addr:street": "Jalan Pondok Randu Raya",
        "amenity": "fuel",
        "brand": "Pertamina",
        "brand:wikidata": "Q1641044",
        "mapillary": "579726053574686",
        "name": "Pertamina",
        "shop": "gas",
        "source": "extrapolation"
      },
      "geometry": {
        "type": "Point",
        "coordinates": [
          106.7249134,
          -6.1756678
        ]
      },
      "id": "node/9906937203"
    },
    {
      "type": "Feature",
      "properties": {
        "@id": "node/9916369421",
        "amenity": "fuel",
        "brand": "Pertamina",
        "brand:wikidata": "Q1641044",
        "name": "SPBG 31-A-125-03"
      },
      "geometry": {
        "type": "Point",
        "coordinates": [
          106.8210646,
          -6.3007864
        ]
      },
      "id": "node/9916369421"
    },
    {
      "type": "Feature",
      "properties": {
        "@id": "node/9916393817",
        "amenity": "fuel",
        "brand": "Pertamina",
        "brand:wikidata": "Q1641044",
        "name": "SPBG 31-A-125-03"
      },
      "geometry": {
        "type": "Point",
        "coordinates": [
          106.820889,
          -6.3009789
        ]
      },
      "id": "node/9916393817"
    },
    {
      "type": "Feature",
      "properties": {
        "@id": "node/10015884787",
        "amenity": "fuel",
        "brand": "Pertamina",
        "brand:wikidata": "Q1641044",
        "name": "Pertamina"
      },
      "geometry": {
        "type": "Point",
        "coordinates": [
          106.7948607,
          -6.498746
        ]
      },
      "id": "node/10015884787"
    },
    {
      "type": "Feature",
      "properties": {
        "@id": "node/10029821008",
        "amenity": "fuel",
        "brand": "Mobil",
        "fuel:octane_92": "yes",
        "name": "Mobil Indostation",
        "opening_hours": "Mo-Su 08:00-21:00",
        "operator": "Indostation",
        "shop": "kiosk",
        "wheelchair": "no"
      },
      "geometry": {
        "type": "Point",
        "coordinates": [
          108.5696987,
          -7.3686253
        ]
      },
      "id": "node/10029821008"
    },
    {
      "type": "Feature",
      "properties": {
        "@id": "node/10041423480",
        "amenity": "fuel",
        "brand": "Mobil",
        "fuel:octane_92": "yes",
        "name": "Mobil Indostation",
        "opening_hours": "24/7 closed \"No Service\"",
        "operator": "Indostation",
        "shop": "kiosk",
        "wheelchair": "no"
      },
      "geometry": {
        "type": "Point",
        "coordinates": [
          108.5092069,
          -7.3714645
        ]
      },
      "id": "node/10041423480"
    },
    {
      "type": "Feature",
      "properties": {
        "@id": "node/10041423482",
        "amenity": "fuel",
        "brand": "Mobil",
        "fuel:octane_92": "yes",
        "name": "Mobil Indostation",
        "opening_hours": "Mo-Su 08:00-21:00",
        "operator": "Indostation",
        "shop": "kiosk",
        "wheelchair": "no"
      },
      "geometry": {
        "type": "Point",
        "coordinates": [
          108.6359748,
          -7.3492433
        ]
      },
      "id": "node/10041423482"
    },
    {
      "type": "Feature",
      "properties": {
        "@id": "node/10041423483",
        "amenity": "fuel",
        "brand": "Mobil",
        "fuel:octane_92": "yes",
        "name": "Mobil Indostation",
        "opening_hours": "Mo-Su 08:00-21:00",
        "operator": "Indostation",
        "shop": "kiosk",
        "wheelchair": "no"
      },
      "geometry": {
        "type": "Point",
        "coordinates": [
          108.6378014,
          -7.3689654
        ]
      },
      "id": "node/10041423483"
    },
    {
      "type": "Feature",
      "properties": {
        "@id": "node/10041423484",
        "amenity": "fuel",
        "brand": "Mobil",
        "fuel:octane_92": "yes",
        "name": "Mobil Indostation",
        "opening_hours": "Mo-Su 08:00-21:00",
        "operator": "Indostation",
        "shop": "kiosk",
        "wheelchair": "no"
      },
      "geometry": {
        "type": "Point",
        "coordinates": [
          108.6036354,
          -7.3859708
        ]
      },
      "id": "node/10041423484"
    },
    {
      "type": "Feature",
      "properties": {
        "@id": "node/10041423486",
        "amenity": "fuel",
        "fuel:diesel": "yes",
        "fuel:octane_92": "yes",
        "name": "Pertashop",
        "opening_hours": "Mo-Su 08:00-21:00"
      },
      "geometry": {
        "type": "Point",
        "coordinates": [
          108.5849324,
          -7.3700135
        ]
      },
      "id": "node/10041423486"
    },
    {
      "type": "Feature",
      "properties": {
        "@id": "node/10069986077",
        "amenity": "fuel",
        "name": "Bensin"
      },
      "geometry": {
        "type": "Point",
        "coordinates": [
          107.0042021,
          -6.3043608
        ]
      },
      "id": "node/10069986077"
    },
    {
      "type": "Feature",
      "properties": {
        "@id": "node/10125249969",
        "amenity": "fuel"
      },
      "geometry": {
        "type": "Point",
        "coordinates": [
          108.4944667,
          -6.7388174
        ]
      },
      "id": "node/10125249969"
    },
    {
      "type": "Feature",
      "properties": {
        "@id": "node/10166346703",
        "amenity": "fuel",
        "brand": "Pertamina",
        "brand:wikidata": "Q1641044",
        "fuel:octane_92": "yes",
        "name": "Pertashop",
        "ref": "3P.40102",
        "self_service": "no"
      },
      "geometry": {
        "type": "Point",
        "coordinates": [
          107.5930499,
          -6.8567704
        ]
      },
      "id": "node/10166346703"
    },
    {
      "type": "Feature",
      "properties": {
        "@id": "node/10303652624",
        "addr:city": "Kabupaten Bandung",
        "addr:housenumber": "No 33, Kec. Dayeuhkolot",
        "addr:street": "Jalan Mohammad Toha",
        "amenity": "fuel",
        "brand": "Pertamina",
        "fuel:diesel": "yes",
        "fuel:octane_90": "yes",
        "fuel:octane_92": "yes",
        "name": "Pertamina",
        "ref": "Mengger"
      },
      "geometry": {
        "type": "Point",
        "coordinates": [
          107.6141275,
          -6.9636875
        ]
      },
      "id": "node/10303652624"
    },
    {
      "type": "Feature",
      "properties": {
        "@id": "node/10561643479",
        "amenity": "fuel",
        "name": "SPBU Pertamina 35.168.01"
      },
      "geometry": {
        "type": "Point",
        "coordinates": [
          106.9862824,
          -6.42372
        ]
      },
      "id": "node/10561643479"
    },
    {
      "type": "Feature",
      "properties": {
        "@id": "node/10575251317",
        "amenity": "fuel",
        "compressed_air": "yes",
        "name": "SPBU Cipayung Jaya",
        "opening_hours": "24/7",
        "wheelchair": "yes"
      },
      "geometry": {
        "type": "Point",
        "coordinates": [
          106.7975573,
          -6.4389832
        ]
      },
      "id": "node/10575251317"
    },
    {
      "type": "Feature",
      "properties": {
        "@id": "node/10586058999",
        "amenity": "fuel",
        "brand": "Pertamina",
        "brand:wikidata": "Q1641044",
        "name": "Pertamina"
      },
      "geometry": {
        "type": "Point",
        "coordinates": [
          106.8384918,
          -6.5758967
        ]
      },
      "id": "node/10586058999"
    },
    {
      "type": "Feature",
      "properties": {
        "@id": "node/10587212637",
        "amenity": "fuel",
        "brand": "Pertamina",
        "name": "Pertamina",
        "operator": "Pertamina"
      },
      "geometry": {
        "type": "Point",
        "coordinates": [
          106.6183539,
          -6.2982712
        ]
      },
      "id": "node/10587212637"
    },
    {
      "type": "Feature",
      "properties": {
        "@id": "node/10711329844",
        "amenity": "fuel",
        "brand": "Pertamina",
        "name": "SPBU Pertamina 34-16416"
      },
      "geometry": {
        "type": "Point",
        "coordinates": [
          106.8376493,
          -6.403842
        ]
      },
      "id": "node/10711329844"
    },
    {
      "type": "Feature",
      "properties": {
        "@id": "node/10869727561",
        "amenity": "fuel",
        "brand": "Mobil",
        "brand:wikidata": "Q109676002",
        "name": "Mobil Indostation Mustikasari"
      },
      "geometry": {
        "type": "Point",
        "coordinates": [
          107.012814,
          -6.2899336
        ]
      },
      "id": "node/10869727561"
    },
    {
      "type": "Feature",
      "properties": {
        "@id": "node/10869895978",
        "amenity": "fuel"
      },
      "geometry": {
        "type": "Point",
        "coordinates": [
          107.0140791,
          -6.2905587
        ]
      },
      "id": "node/10869895978"
    },
    {
      "type": "Feature",
      "properties": {
        "@id": "node/10988864605",
        "amenity": "fuel"
      },
      "geometry": {
        "type": "Point",
        "coordinates": [
          106.9459659,
          -6.8825569
        ]
      },
      "id": "node/10988864605"
    },
    {
      "type": "Feature",
      "properties": {
        "@id": "node/10996425232",
        "amenity": "fuel",
        "brand": "Pertamina",
        "name": "Pertamina SPBU 34-16415"
      },
      "geometry": {
        "type": "Point",
        "coordinates": [
          106.8426475,
          -6.3925169
        ]
      },
      "id": "node/10996425232"
    },
    {
      "type": "Feature",
      "properties": {
        "@id": "node/11002793645",
        "amenity": "fuel",
        "branch": "Laswi, Baleendah",
        "brand": "Pertamina",
        "capacity": "6",
        "check_date": "2023-06-26",
        "fuel:GTL_diesel": "no",
        "fuel:biodiesel": "yes",
        "fuel:diesel": "yes",
        "fuel:lpg": "no",
        "fuel:octane_90": "yes",
        "fuel:octane_92": "yes",
        "fuel:octane_98": "yes",
        "name": "Pertamina",
        "payment:cash": "yes",
        "ref": "34.403-05",
        "toilets:access": "customers"
      },
      "geometry": {
        "type": "Point",
        "coordinates": [
          107.6543217,
          -7.0191406
        ]
      },
      "id": "node/11002793645"
    },
    {
      "type": "Feature",
      "properties": {
        "@id": "node/11021367315",
        "amenity": "fuel",
        "compressed_air": "no"
      },
      "geometry": {
        "type": "Point",
        "coordinates": [
          106.9988388,
          -6.295214
        ]
      },
      "id": "node/11021367315"
    },
    {
      "type": "Feature",
      "properties": {
        "@id": "node/11050346382",
        "amenity": "fuel",
        "brand": "Pertamina",
        "brand:wikidata": "Q1641044",
        "name": "Pertamina"
      },
      "geometry": {
        "type": "Point",
        "coordinates": [
          107.6370205,
          -6.9121984
        ]
      },
      "id": "node/11050346382"
    },
    {
      "type": "Feature",
      "properties": {
        "@id": "node/11054959902",
        "addr:city": "Pandeglang",
        "addr:postcode": "42253",
        "amenity": "fuel",
        "brand": "Pertamina",
        "brand:wikidata": "Q1641044",
        "fuel:cetane_51": "yes",
        "fuel:cetane_53": "yes",
        "fuel:octane_90": "yes",
        "fuel:octane_92": "yes",
        "fuel:octane_98": "yes",
        "name": "Pertamina",
        "self_service": "no"
      },
      "geometry": {
        "type": "Point",
        "coordinates": [
          106.0805941,
          -6.3306584
        ]
      },
      "id": "node/11054959902"
    },
    {
      "type": "Feature",
      "properties": {
        "@id": "node/11118205830",
        "amenity": "fuel",
        "compressed_air": "no"
      },
      "geometry": {
        "type": "Point",
        "coordinates": [
          106.9990411,
          -6.2951982
        ]
      },
      "id": "node/11118205830"
    },
    {
      "type": "Feature",
      "properties": {
        "@id": "node/11119893255",
        "addr:city": "Pandeglang",
        "addr:postcode": "42264",
        "amenity": "fuel",
        "brand": "Pertamina",
        "brand:wikidata": "Q1641044",
        "name": "Pertamina",
        "name:id": "SPBU",
        "self_service": "no"
      },
      "geometry": {
        "type": "Point",
        "coordinates": [
          105.8303244,
          -6.3389221
        ]
      },
      "id": "node/11119893255"
    },
    {
      "type": "Feature",
      "properties": {
        "@id": "node/11175159042",
        "amenity": "fuel",
        "brand": "Pertamina",
        "name": "Pertamina",
        "opening_hours": "24/7",
        "operator": "Pertamina"
      },
      "geometry": {
        "type": "Point",
        "coordinates": [
          107.0384914,
          -6.2707542
        ]
      },
      "id": "node/11175159042"
    },
    {
      "type": "Feature",
      "properties": {
        "@id": "node/11187212623",
        "amenity": "fuel"
      },
      "geometry": {
        "type": "Point",
        "coordinates": [
          106.9989763,
          -6.3001384
        ]
      },
      "id": "node/11187212623"
    },
    {
      "type": "Feature",
      "properties": {
        "@id": "node/11205604527",
        "amenity": "fuel",
        "brand": "BP",
        "compressed_air": "yes",
        "name": "BP",
        "operator": "AKR",
        "shop": "convenience"
      },
      "geometry": {
        "type": "Point",
        "coordinates": [
          106.6660036,
          -6.2411643
        ]
      },
      "id": "node/11205604527"
    },
    {
      "type": "Feature",
      "properties": {
        "@id": "node/11291283261",
        "amenity": "fuel",
        "brand": "Pertamina",
        "brand:wikidata": "Q1641044",
        "name": "Pertamina",
        "operator": "Pertamina"
      },
      "geometry": {
        "type": "Point",
        "coordinates": [
          106.8299134,
          -6.1248443
        ]
      },
      "id": "node/11291283261"
    },
    {
      "type": "Feature",
      "properties": {
        "@id": "node/11291718924",
        "amenity": "fuel",
        "brand": "Pertamina",
        "fuel:lpg": "yes",
        "name": "SPBE Pertamina",
        "shop": "gas"
      },
      "geometry": {
        "type": "Point",
        "coordinates": [
          106.844691,
          -6.6383403
        ]
      },
      "id": "node/11291718924"
    },
    {
      "type": "Feature",
      "properties": {
        "@id": "node/11337326908",
        "amenity": "fuel",
        "brand": "Pertamina",
        "brand:wikidata": "Q1641044",
        "name": "Pertamina"
      },
      "geometry": {
        "type": "Point",
        "coordinates": [
          107.5708193,
          -6.9141507
        ]
      },
      "id": "node/11337326908"
    },
    {
      "type": "Feature",
      "properties": {
        "@id": "node/11394387763",
        "addr:street": "jl.cipicung",
        "amenity": "fuel",
        "name": "Pom bensin"
      },
      "geometry": {
        "type": "Point",
        "coordinates": [
          108.5429664,
          -6.9498208
        ]
      },
      "id": "node/11394387763"
    },
    {
      "type": "Feature",
      "properties": {
        "@id": "node/11521332625",
        "addr:city": "Citarik, Pelabuhanratu",
        "addr:postcode": "43364",
        "addr:street": "Jl. Raya Bagbagan",
        "amenity": "fuel",
        "name": "SPBU Bagbagan Pertamina 34 43308"
      },
      "geometry": {
        "type": "Point",
        "coordinates": [
          106.5694696,
          -7.0117072
        ]
      },
      "id": "node/11521332625"
    },
    {
      "type": "Feature",
      "properties": {
        "@id": "node/11730678267",
        "amenity": "fuel",
        "name": "Pertamini"
      },
      "geometry": {
        "type": "Point",
        "coordinates": [
          106.8577889,
          -6.3231055
        ]
      },
      "id": "node/11730678267"
    },
    {
      "type": "Feature",
      "properties": {
        "@id": "node/11751799554",
        "amenity": "fuel",
        "brand": "Pertamina",
        "brand:wikidata": "Q1641044",
        "fuel:octane_92": "yes",
        "fuel:octane_98": "yes",
        "name": "Pertamina",
        "operator": "Pertamina"
      },
      "geometry": {
        "type": "Point",
        "coordinates": [
          106.5764098,
          -6.2580165
        ]
      },
      "id": "node/11751799554"
    },
    {
      "type": "Feature",
      "properties": {
        "@id": "node/11779978489",
        "addr:city": "DKI Jakarta",
        "addr:postcode": "12250",
        "addr:province": "Jakarta Selatan",
        "amenity": "fuel",
        "brand": "Shell",
        "brand:wikidata": "Q110716465",
        "name": "Shell Swadarma"
      },
      "geometry": {
        "type": "Point",
        "coordinates": [
          106.7599093,
          -6.2376359
        ]
      },
      "id": "node/11779978489"
    },
    {
      "type": "Feature",
      "properties": {
        "@id": "node/11823873600",
        "addr:city": "Kabupaten Cirebon",
        "addr:province": "Jawa Bawat",
        "amenity": "fuel",
        "brand": "Pertamina",
        "fuel:diesel": "yes",
        "fuel:octane_90": "yes",
        "fuel:octane_92": "yes",
        "name": "SPBU Astanajapura"
      },
      "geometry": {
        "type": "Point",
        "coordinates": [
          108.6146995,
          -6.8065533
        ]
      },
      "id": "node/11823873600"
    },
    {
      "type": "Feature",
      "properties": {
        "@id": "node/11834032419",
        "amenity": "fuel",
        "brand": "Pertamina",
        "fuel:lpg": "yes",
        "fuel:octane_90": "yes",
        "fuel:octane_92": "yes",
        "name": "SPBU Tegalsari 44.532.21",
        "name:id": "SPBU Pertamina 44.532.21 Tegalsari Sidareja",
        "self_service": "no"
      },
      "geometry": {
        "type": "Point",
        "coordinates": [
          108.7717044,
          -7.4833419
        ]
      },
      "id": "node/11834032419"
    },
    {
      "type": "Feature",
      "properties": {
        "@id": "node/11848023024",
        "amenity": "fuel",
        "brand": "Pertamina",
        "brand:wikidata": "Q1641044",
        "name": "Pertamina"
      },
      "geometry": {
        "type": "Point",
        "coordinates": [
          106.4482364,
          -6.3092404
        ]
      },
      "id": "node/11848023024"
    },
    {
      "type": "Feature",
      "properties": {
        "@id": "node/11869631702",
        "amenity": "fuel",
        "branch": "Terusan Pasirkoja",
        "brand": "Pertamina",
        "brand:wikidata": "Q1641044",
        "compressed_air": "yes",
        "name": "Pertamina"
      },
      "geometry": {
        "type": "Point",
        "coordinates": [
          107.579498,
          -6.9294651
        ]
      },
      "id": "node/11869631702"
    },
    {
      "type": "Feature",
      "properties": {
        "@id": "node/11869640786",
        "alt_name": "SPBU Laswi",
        "amenity": "fuel",
        "brand": "Pertamina",
        "brand:wikidata": "Q1641044",
        "name": "Pertamina",
        "operator": "Pertamina"
      },
      "geometry": {
        "type": "Point",
        "coordinates": [
          107.6306979,
          -6.9224243
        ]
      },
      "id": "node/11869640786"
    },
    {
      "type": "Feature",
      "properties": {
        "@id": "node/11869686069",
        "amenity": "fuel",
        "brand": "Pertamina",
        "brand:wikidata": "Q1641044",
        "name": "Pertamina"
      },
      "geometry": {
        "type": "Point",
        "coordinates": [
          107.5859941,
          -6.8936046
        ]
      },
      "id": "node/11869686069"
    },
    {
      "type": "Feature",
      "properties": {
        "@id": "node/11906093879",
        "amenity": "fuel",
        "brand": "OIL!",
        "brand:wikidata": "Q2007561",
        "name": "OIL!"
      },
      "geometry": {
        "type": "Point",
        "coordinates": [
          108.3155631,
          -6.986662
        ]
      },
      "id": "node/11906093879"
    },
    {
      "type": "Feature",
      "properties": {
        "@id": "node/11918159975",
        "amenity": "fuel",
        "brand": "Pertamina",
        "name": "Pertamina",
        "operator": "Pertamina"
      },
      "geometry": {
        "type": "Point",
        "coordinates": [
          106.497868,
          -6.289393
        ]
      },
      "id": "node/11918159975"
    },
    {
      "type": "Feature",
      "properties": {
        "@id": "node/11918160178",
        "amenity": "fuel",
        "brand": "Pertamina",
        "brand:wikidata": "Q1641044",
        "name": "Pertamina",
        "operator": "Pertamina"
      },
      "geometry": {
        "type": "Point",
        "coordinates": [
          106.4717909,
          -6.2880647
        ]
      },
      "id": "node/11918160178"
    },
    {
      "type": "Feature",
      "properties": {
        "@id": "node/11934112698",
        "amenity": "fuel",
        "name": "Pertamina"
      },
      "geometry": {
        "type": "Point",
        "coordinates": [
          106.7325528,
          -6.5775073
        ]
      },
      "id": "node/11934112698"
    },
    {
      "type": "Feature",
      "properties": {
        "@id": "node/11955845874",
        "amenity": "fuel"
      },
      "geometry": {
        "type": "Point",
        "coordinates": [
          106.9851265,
          -6.2920478
        ]
      },
      "id": "node/11955845874"
    },
    {
      "type": "Feature",
      "properties": {
        "@id": "node/11964369704",
        "amenity": "fuel",
        "brand": "Shell",
        "brand:wikidata": "Q110716465",
        "name": "Shell"
      },
      "geometry": {
        "type": "Point",
        "coordinates": [
          106.7938605,
          -6.5622422
        ]
      },
      "id": "node/11964369704"
    },
    {
      "type": "Feature",
      "properties": {
        "@id": "node/11966274069",
        "amenity": "fuel"
      },
      "geometry": {
        "type": "Point",
        "coordinates": [
          108.6455908,
          -7.6807024
        ]
      },
      "id": "node/11966274069"
    },
    {
      "type": "Feature",
      "properties": {
        "@id": "node/11978321883",
        "amenity": "fuel",
        "name": "SPBU Pertamina"
      },
      "geometry": {
        "type": "Point",
        "coordinates": [
          106.9628678,
          -6.6933162
        ]
      },
      "id": "node/11978321883"
    },
    {
      "type": "Feature",
      "properties": {
        "@id": "node/12040842569",
        "addr:postcode": "16454",
        "addr:street": "Jl. Alternatif Cibubur, Harjamukti, Cimanggis, Depok, Jawa Barat",
        "amenity": "fuel",
        "name": "SPBU BP",
        "opening_hours": "Mo-Su 06:00-23:00",
        "website": "http://bp.co.id"
      },
      "geometry": {
        "type": "Point",
        "coordinates": [
          106.9044536,
          -6.3759233
        ]
      },
      "id": "node/12040842569"
    },
    {
      "type": "Feature",
      "properties": {
        "@id": "node/12040846279",
        "addr:postcode": "17435",
        "addr:street": "Jl. Raya Alternatif Cibubur, Jatisampurna, Jatisampurna, Bekasi",
        "amenity": "fuel",
        "name": "SPBU Pertamina",
        "opening_hours": "24/7",
        "operator": "Private Operator"
      },
      "geometry": {
        "type": "Point",
        "coordinates": [
          106.9145936,
          -6.3748875
        ]
      },
      "id": "node/12040846279"
    },
    {
      "type": "Feature",
      "properties": {
        "@id": "node/12042877883",
        "amenity": "fuel",
        "brand": "Pertamina",
        "brand:wikidata": "Q1641044",
        "name": "Pertamina"
      },
      "geometry": {
        "type": "Point",
        "coordinates": [
          106.7943644,
          -6.2927688
        ]
      },
      "id": "node/12042877883"
    },
    {
      "type": "Feature",
      "properties": {
        "@id": "node/12062318841",
        "amenity": "fuel",
        "name": "SPBU BP"
      },
      "geometry": {
        "type": "Point",
        "coordinates": [
          107.0356145,
          -6.291496
        ]
      },
      "id": "node/12062318841"
    },
    {
      "type": "Feature",
      "properties": {
        "@id": "node/12079291216",
        "addr:city": "Sukabumi",
        "addr:district": "Citamiang",
        "addr:housenumber": "62",
        "addr:postcode": "43111",
        "addr:province": "Jawa Barat",
        "addr:street": "Jalan Tipar Gede",
        "addr:subdistrict": "Tipar",
        "amenity": "fuel",
        "brand": "Pertamina",
        "fuel:diesel": "yes",
        "fuel:gasoline": "yes",
        "name": "SPBU Pertamina 31.431.01 Otista/Tipar Gede",
        "operator": "Pertamina",
        "self_service": "no"
      },
      "geometry": {
        "type": "Point",
        "coordinates": [
          106.9331071,
          -6.9262784
        ]
      },
      "id": "node/12079291216"
    },
    {
      "type": "Feature",
      "properties": {
        "@id": "node/12079654192",
        "amenity": "fuel",
        "name": "Pertamina"
      },
      "geometry": {
        "type": "Point",
        "coordinates": [
          107.1105321,
          -6.8561652
        ]
      },
      "id": "node/12079654192"
    },
    {
      "type": "Feature",
      "properties": {
        "@id": "node/12079685460",
        "amenity": "fuel",
        "name": "Pertamina"
      },
      "geometry": {
        "type": "Point",
        "coordinates": [
          107.1649821,
          -6.8049489
        ]
      },
      "id": "node/12079685460"
    },
    {
      "type": "Feature",
      "properties": {
        "@id": "node/12079686330",
        "amenity": "fuel",
        "name": "Pertamina"
      },
      "geometry": {
        "type": "Point",
        "coordinates": [
          107.1723215,
          -6.803006
        ]
      },
      "id": "node/12079686330"
    },
    {
      "type": "Feature",
      "properties": {
        "@id": "node/12121336836",
        "amenity": "fuel",
        "name": "SPBU PERTAMINA"
      },
      "geometry": {
        "type": "Point",
        "coordinates": [
          107.6671642,
          -6.5168756
        ]
      },
      "id": "node/12121336836"
    },
    {
      "type": "Feature",
      "properties": {
        "@id": "node/12121549809",
        "amenity": "fuel",
        "compressed_air": "yes",
        "name": "SPBU PERTAMINA KALIJATI",
        "opening_hours": "Mo-Su,PH 00:00-23:59"
      },
      "geometry": {
        "type": "Point",
        "coordinates": [
          107.6670489,
          -6.5180519
        ]
      },
      "id": "node/12121549809"
    },
    {
      "type": "Feature",
      "properties": {
        "@id": "node/12193573317",
        "amenity": "fuel",
        "brand": "Pertamina",
        "brand:wikidata": "Q1641044",
        "name": "SPBU Pancawati"
      },
      "geometry": {
        "type": "Point",
        "coordinates": [
          107.3865705,
          -6.3751378
        ]
      },
      "id": "node/12193573317"
    },
    {
      "type": "Feature",
      "properties": {
        "@id": "node/12196540885",
        "amenity": "fuel",
        "name": "Bensin Eceran"
      },
      "geometry": {
        "type": "Point",
        "coordinates": [
          107.6801643,
          -7.1891081
        ]
      },
      "id": "node/12196540885"
    },
    {
      "type": "Feature",
      "properties": {
        "@id": "node/12196997553",
        "amenity": "fuel",
        "name": "Bensin Eceran"
      },
      "geometry": {
        "type": "Point",
        "coordinates": [
          107.6697392,
          -7.1942414
        ]
      },
      "id": "node/12196997553"
    },
    {
      "type": "Feature",
      "properties": {
        "@id": "node/12196997965",
        "amenity": "fuel",
        "name": "Bensin Eceran"
      },
      "geometry": {
        "type": "Point",
        "coordinates": [
          107.6695924,
          -7.1933818
        ]
      },
      "id": "node/12196997965"
    },
    {
      "type": "Feature",
      "properties": {
        "@id": "node/12197206696",
        "amenity": "fuel",
        "name": "Bensin Eceran"
      },
      "geometry": {
        "type": "Point",
        "coordinates": [
          107.6732345,
          -7.2107542
        ]
      },
      "id": "node/12197206696"
    },
    {
      "type": "Feature",
      "properties": {
        "@id": "node/12213179082",
        "amenity": "fuel",
        "brand": "Shell",
        "brand:wikidata": "Q110716465",
        "name": "Shell Karawang Barat"
      },
      "geometry": {
        "type": "Point",
        "coordinates": [
          107.2746953,
          -6.3334377
        ]
      },
      "id": "node/12213179082"
    },
    {
      "type": "Feature",
      "properties": {
        "@id": "node/12231307601",
        "amenity": "fuel",
        "name": "Pertashop"
      },
      "geometry": {
        "type": "Point",
        "coordinates": [
          106.9325041,
          -6.1873638
        ]
      },
      "id": "node/12231307601"
    },
    {
      "type": "Feature",
      "properties": {
        "@id": "node/12399511272",
        "amenity": "fuel",
        "name": "SPBU Pertamina 34.15409"
      },
      "geometry": {
        "type": "Point",
        "coordinates": [
          106.7483023,
          -6.3603881
        ]
      },
      "id": "node/12399511272"
    },
    {
      "type": "Feature",
      "properties": {
        "@id": "node/12408564625",
        "amenity": "fuel",
        "brand": "Pertamina",
        "brand:wikidata": "Q1641044",
        "name": "SPBU Pertamina"
      },
      "geometry": {
        "type": "Point",
        "coordinates": [
          107.3386058,
          -6.2946071
        ]
      },
      "id": "node/12408564625"
    },
    {
      "type": "Feature",
      "properties": {
        "@id": "node/12408807738",
        "amenity": "fuel",
        "brand": "Pertamina",
        "brand:wikidata": "Q1641044",
        "name": "Pertamina"
      },
      "geometry": {
        "type": "Point",
        "coordinates": [
          107.3161385,
          -6.3163518
        ]
      },
      "id": "node/12408807738"
    },
    {
      "type": "Feature",
      "properties": {
        "@id": "node/12412166815",
        "amenity": "fuel",
        "branch": "Lembang",
        "brand": "Shell",
        "brand:wikidata": "Q110716465",
        "fuel:diesel": "no",
        "fuel:octane_92": "no",
        "fuel:octane_95": "no",
        "fuel:octane_98": "no",
        "name": "Shell",
        "note": "Fuel avability may differ",
        "opening_hours": "Mo-Su 06:00-22:00",
        "payment:cash": "yes",
        "payment:contactless": "yes",
        "payment:credit_cards": "yes",
        "payment:debit_cards": "yes",
        "payment:qr_code": "yes"
      },
      "geometry": {
        "type": "Point",
        "coordinates": [
          107.6134374,
          -6.815733
        ]
      },
      "id": "node/12412166815"
    },
    {
      "type": "Feature",
      "properties": {
        "@id": "node/12639916346",
        "amenity": "fuel",
        "brand": "Pertamina",
        "brand:wikidata": "Q1641044",
        "name": "Pertamina"
      },
      "geometry": {
        "type": "Point",
        "coordinates": [
          107.5776794,
          -6.9295816
        ]
      },
      "id": "node/12639916346"
    },
    {
      "type": "Feature",
      "properties": {
        "@id": "node/12639965511",
        "amenity": "fuel",
        "name": "Pertamina"
      },
      "geometry": {
        "type": "Point",
        "coordinates": [
          107.4277395,
          -7.1223225
        ]
      },
      "id": "node/12639965511"
    },
    {
      "type": "Feature",
      "properties": {
        "@id": "node/12758084200",
        "addr:city": "Sukabumi",
        "addr:district": "Baros",
        "addr:postcode": "43166",
        "addr:province": "Jawa Barat",
        "addr:street": "Jalan Lingkar Selatan",
        "addr:subdistrict": "Jayaraksa",
        "amenity": "fuel",
        "brand": "Pertamina",
        "fuel:diesel": "yes",
        "fuel:gasoline": "yes",
        "name": "SPBU Pertamina 34.431.21 Malka Batumas Utama",
        "operator": "Pertamina",
        "self_service": "no"
      },
      "geometry": {
        "type": "Point",
        "coordinates": [
          106.9301116,
          -6.9507876
        ]
      },
      "id": "node/12758084200"
    },
    {
      "type": "Feature",
      "properties": {
        "@id": "node/12803756827",
        "access": "no",
        "amenity": "fuel",
        "brand": "Pertamina",
        "brand:wikidata": "Q1641044",
        "motorcycle": "yes",
        "name": "Pertamina"
      },
      "geometry": {
        "type": "Point",
        "coordinates": [
          106.8476908,
          -6.3339074
        ]
      },
      "id": "node/12803756827"
    },
    {
      "type": "Feature",
      "properties": {
        "@id": "node/12820361524",
        "amenity": "fuel",
        "brand": "Pertamina",
        "brand:wikidata": "Q1641044",
        "name": "SPBU.N 38.422.02"
      },
      "geometry": {
        "type": "Point",
        "coordinates": [
          105.5767976,
          -6.668274
        ]
      },
      "id": "node/12820361524"
    },
    {
      "type": "Feature",
      "properties": {
        "@id": "node/12833776583",
        "addr:street": "Jl Panjang",
        "amenity": "fuel",
        "name": "SPBU BP AKR Jalan Panjang",
        "opening_hours": "Mo-Su 07:00-22:00"
      },
      "geometry": {
        "type": "Point",
        "coordinates": [
          106.7667355,
          -6.1799119
        ]
      },
      "id": "node/12833776583"
    },
    {
      "type": "Feature",
      "properties": {
        "@id": "node/12839335731",
        "amenity": "fuel"
      },
      "geometry": {
        "type": "Point",
        "coordinates": [
          107.0030204,
          -6.2815508
        ]
      },
      "id": "node/12839335731"
    },
    {
      "type": "Feature",
      "properties": {
        "@id": "node/12949380265",
        "amenity": "fuel",
        "name": "Pertamina"
      },
      "geometry": {
        "type": "Point",
        "coordinates": [
          106.5210659,
          -6.9695898
        ]
      },
      "id": "node/12949380265"
    },
    {
      "type": "Feature",
      "properties": {
        "@id": "node/12965667957",
        "amenity": "fuel",
        "brand": "Pertamina",
        "brand:wikidata": "Q1641044",
        "name": "Pertamina",
        "self_service": "no"
      },
      "geometry": {
        "type": "Point",
        "coordinates": [
          108.5179001,
          -7.3469655
        ]
      },
      "id": "node/12965667957"
    },
    {
      "type": "Feature",
      "properties": {
        "@id": "node/12982937748",
        "addr:city": "Kota Cirebon",
        "addr:country": "ID",
        "addr:housenumber": "2B",
        "addr:province": "Jawa Barat",
        "addr:street": "Jalan Brigadir Jenderal Darsono",
        "alt_name": "SPBU COCO Pertamina",
        "amenity": "fuel",
        "brand": "Pertamina",
        "brand:website": "https://www.pertamina.com",
        "brand:wikidata": "Q1641044",
        "capacity": "12",
        "compressed_air": "yes",
        "fuel:biodiesel": "yes",
        "fuel:diesel": "yes",
        "fuel:lpg": "yes",
        "fuel:octane_90": "yes",
        "fuel:octane_92": "yes",
        "fuel:octane_98": "yes",
        "full_service": "yes",
        "hgv": "yes",
        "loc_name": "SPBU Bypass",
        "name": "SPBU Pertamina",
        "opening_hours": "24/7",
        "operator": "Pertamina",
        "payment:cash": "yes",
        "payment:debit_cards": "yes",
        "payment:gpn_qris": "yes",
        "payment:my_pertamina_app": "yes",
        "ref": "31.451.01",
        "self_service": "yes",
        "website": "https://mypertamina.id"
      },
      "geometry": {
        "type": "Point",
        "coordinates": [
          108.540912,
          -6.732557
        ]
      },
      "id": "node/12982937748"
    },
    {
      "type": "Feature",
      "properties": {
        "@id": "node/12987391334",
        "addr:city": "Kota Cirebon",
        "addr:country": "ID",
        "addr:postcode": "45132",
        "addr:province": "Jawa Barat",
        "addr:street": "Jalan Kesambi",
        "amenity": "fuel",
        "branch": "KESAMBI-1 CRB DO",
        "brand": "Shell",
        "brand:website": "https://www.shell.co.id",
        "brand:wikidata": "Q154950",
        "fuel:GTL_diesel": "yes",
        "fuel:octane_92": "yes",
        "fuel:octane_95": "yes",
        "full_service": "yes",
        "name": "Shell",
        "nohousenumber": "yes",
        "opening_hours": "Mo-Su 06:00-22:00",
        "payment:cash": "yes",
        "payment:credit_cards": "yes",
        "payment:debit_cards": "yes",
        "payment:visa": "yes",
        "website": "https://find.shell.com/id/fuel/12663387-shell-kesambi-1-crb-do/id_ID"
      },
      "geometry": {
        "type": "Point",
        "coordinates": [
          108.5494364,
          -6.7372362
        ]
      },
      "id": "node/12987391334"
    },
    {
      "type": "Feature",
      "properties": {
        "@id": "node/12987391344",
        "addr:city": "Kota Cirebon",
        "addr:country": "ID",
        "addr:postcode": "45132",
        "addr:province": "Jawa Barat",
        "addr:street": "Jalan Kesambi",
        "amenity": "fuel",
        "brand": "Pertamina",
        "brand:website": "https://www.pertamina.com",
        "brand:wikidata": "Q1641044",
        "fuel:diesel": "yes",
        "fuel:octane_92": "yes",
        "fuel:octane_98": "yes",
        "loc_name": "SPBU Sunyaragi",
        "name": "SPBU Pertamina",
        "ref": "34.45113",
        "website": "https://mypertamina.id"
      },
      "geometry": {
        "type": "Point",
        "coordinates": [
          108.5484047,
          -6.7385356
        ]
      },
      "id": "node/12987391344"
    },
    {
      "type": "Feature",
      "properties": {
        "@id": "node/12993988149",
        "amenity": "fuel",
        "brand": "Pertamina",
        "brand:website": "https://www.pertamina.com",
        "brand:wikidata": "Q1641044",
        "compressed_air": "yes",
        "fuel:biodiesel": "yes",
        "fuel:octane_90": "yes",
        "fuel:octane_92": "yes",
        "full_service": "yes",
        "name": "SPBU Pertamina",
        "operator": "Pertamina",
        "ref": "34.45.121",
        "website": "https://mypertamina.id"
      },
      "geometry": {
        "type": "Point",
        "coordinates": [
          108.5648949,
          -6.7099715
        ]
      },
      "id": "node/12993988149"
    },
    {
      "type": "Feature",
      "properties": {
        "@id": "node/13008772350",
        "amenity": "fuel",
        "brand": "Pertamina",
        "brand:website": "https://www.pertamina.com",
        "brand:wikidata": "Q1641044",
        "compressed_air": "yes",
        "fuel:diesel": "yes",
        "fuel:octane_90": "yes",
        "fuel:octane_92": "yes",
        "fuel:octane_98": "yes",
        "full_service": "yes",
        "name": "SPBU Pertamina",
        "operator": "Pertamina",
        "payment:cash": "yes",
        "payment:credit_cards": "yes",
        "payment:debit_cards": "yes",
        "payment:my_pertamina_app": "yes",
        "ref": "34.451.68",
        "website": "https://mypertamina.id"
      },
      "geometry": {
        "type": "Point",
        "coordinates": [
          108.5207739,
          -6.7258657
        ]
      },
      "id": "node/13008772350"
    },
    {
      "type": "Feature",
      "properties": {
        "@id": "node/13078292416",
        "amenity": "fuel",
        "brand": "Pertamina",
        "brand:website": "https://www.pertamina.com",
        "brand:wikidata": "Q1641044",
        "compressed_air": "yes",
        "fuel:diesel": "yes",
        "fuel:octane_90": "yes",
        "fuel:octane_92": "yes",
        "full_service": "yes",
        "name": "SPBU Pertamina",
        "opening_hours": "24/7",
        "operator": "Pertamina",
        "ref": "34.451.24",
        "website": "https://mypertamina.id"
      },
      "geometry": {
        "type": "Point",
        "coordinates": [
          108.5729552,
          -6.7239994
        ]
      },
      "id": "node/13078292416"
    },
    {
      "type": "Feature",
      "properties": {
        "@id": "node/13091773322",
        "amenity": "fuel",
        "brand": "Mobil",
        "name": "Mobil"
      },
      "geometry": {
        "type": "Point",
        "coordinates": [
          107.4618526,
          -6.9144461
        ]
      },
      "id": "node/13091773322"
    },
    {
      "type": "Feature",
      "properties": {
        "@id": "node/13108680610",
        "amenity": "fuel",
        "brand": "Pertamina",
        "brand:website": "https://www.pertamina.com",
        "brand:wikidata": "Q1641044",
        "compressed_air": "yes",
        "fuel:diesel": "yes",
        "fuel:octane_90": "yes",
        "fuel:octane_92": "yes",
        "fuel:octane_98": "yes",
        "full_service": "yes",
        "hgv": "yes",
        "loc_name": "SPBU Bima",
        "name": "SPBU Pertamina",
        "operator": "Pertamina",
        "payment:cash": "yes",
        "payment:credit_cards": "yes",
        "payment:debit_cards": "yes",
        "payment:my_pertamina_app": "yes",
        "ref": "34.451.16",
        "website": "https://mypertamina.id"
      },
      "geometry": {
        "type": "Point",
        "coordinates": [
          108.538683,
          -6.7281667
        ]
      },
      "id": "node/13108680610"
    },
    {
      "type": "Feature",
      "properties": {
        "@id": "node/13118832901",
        "addr:postcode": "41152",
        "addr:street": "Jalan Pramuka",
        "amenity": "fuel",
        "name": "SPBU Pertamina Bunder",
        "opening_hours": "24/7",
        "self_service": "no"
      },
      "geometry": {
        "type": "Point",
        "coordinates": [
          107.429745,
          -6.556348
        ]
      },
      "id": "node/13118832901"
    },
    {
      "type": "Feature",
      "properties": {
        "@id": "node/13144172398",
        "amenity": "fuel",
        "brand": "Pertamina"
      },
      "geometry": {
        "type": "Point",
        "coordinates": [
          106.4417817,
          -6.9496571
        ]
      },
      "id": "node/13144172398"
    },
    {
      "type": "Feature",
      "properties": {
        "@id": "node/13185856479",
        "amenity": "fuel",
        "compressed_air": "no",
        "fuel:octane_90": "yes",
        "fuel:octane_92": "yes",
        "full_service": "yes",
        "hgv": "no",
        "name": "Pom Mini",
        "self_service": "no"
      },
      "geometry": {
        "type": "Point",
        "coordinates": [
          108.5292504,
          -6.7364058
        ]
      },
      "id": "node/13185856479"
    },
    {
      "type": "Feature",
      "properties": {
        "@id": "node/13201259585",
        "amenity": "fuel",
        "brand": "Pertamina",
        "brand:website": "https://www.pertamina.com",
        "brand:wikidata": "Q1641044",
        "compressed_air": "yes",
        "fuel:biodiesel": "yes",
        "fuel:diesel": "yes",
        "fuel:octane_90": "yes",
        "fuel:octane_92": "yes",
        "fuel:octane_98": "yes",
        "full_service": "yes",
        "hgv": "yes",
        "name": "SPBU Pertamina",
        "operator": "Pertamina",
        "payment:cash": "yes",
        "payment:my_pertamina_app": "yes",
        "ref": "34.451.06",
        "website": "https://mypertamina.id"
      },
      "geometry": {
        "type": "Point",
        "coordinates": [
          108.5284947,
          -6.7643939
        ]
      },
      "id": "node/13201259585"
    },
    {
      "type": "Feature",
      "properties": {
        "@id": "node/13242246018",
        "amenity": "fuel",
        "brand": "Pertamina",
        "name": "Pertamina",
        "operator": "Pertamina"
      },
      "geometry": {
        "type": "Point",
        "coordinates": [
          106.5791416,
          -6.1216467
        ]
      },
      "id": "node/13242246018"
    },
    {
      "type": "Feature",
      "properties": {
        "@id": "node/13242246035",
        "amenity": "fuel",
        "brand": "Pertamina",
        "name": "Pertamina",
        "operator": "Pertamina"
      },
      "geometry": {
        "type": "Point",
        "coordinates": [
          106.5885106,
          -6.12897
        ]
      },
      "id": "node/13242246035"
    },
    {
      "type": "Feature",
      "properties": {
        "@id": "node/13299798204",
        "amenity": "fuel",
        "brand": "Pertamina",
        "name": "Pertamina",
        "operator": "Pertamina"
      },
      "geometry": {
        "type": "Point",
        "coordinates": [
          106.6397944,
          -6.0627927
        ]
      },
      "id": "node/13299798204"
    },
    {
      "type": "Feature",
      "properties": {
        "@id": "node/13309103609",
        "amenity": "fuel",
        "brand": "Pertamina",
        "name": "SPBU Pertamina"
      },
      "geometry": {
        "type": "Point",
        "coordinates": [
          107.3216969,
          -6.3164033
        ]
      },
      "id": "node/13309103609"
    },
    {
      "type": "Feature",
      "properties": {
        "@id": "node/13309103614",
        "amenity": "fuel",
        "brand": "Pertamina"
      },
      "geometry": {
        "type": "Point",
        "coordinates": [
          107.2999896,
          -6.2997512
        ]
      },
      "id": "node/13309103614"
    },
    {
      "type": "Feature",
      "properties": {
        "@id": "node/13312125613",
        "amenity": "fuel",
        "brand": "Pertamina"
      },
      "geometry": {
        "type": "Point",
        "coordinates": [
          107.3287134,
          -6.3706885
        ]
      },
      "id": "node/13312125613"
    },
    {
      "type": "Feature",
      "properties": {
        "@id": "node/13314070287",
        "amenity": "fuel",
        "brand": "Pertamina",
        "shop": "convenience",
        "toilets": "4"
      },
      "geometry": {
        "type": "Point",
        "coordinates": [
          107.2835506,
          -6.2999662
        ]
      },
      "id": "node/13314070287"
    },
    {
      "type": "Feature",
      "properties": {
        "@id": "node/13339719694",
        "addr:city": "Bogor",
        "addr:district": "Bogor Selatan",
        "addr:housenumber": "56",
        "addr:neighbourhood": "Batu Tulis",
        "addr:postcode": "16133",
        "addr:province": "Jawa Barat",
        "addr:street": "Jalan Batu Tulis",
        "amenity": "fuel",
        "brand": "Vivo",
        "fuel:diesel": "yes",
        "fuel:octane_90": "yes",
        "fuel:octane_92": "yes",
        "fuel:octane_95": "yes",
        "name": "SPBU VIVO Batu Tulis"
      },
      "geometry": {
        "type": "Point",
        "coordinates": [
          106.8069317,
          -6.6192518
        ]
      },
      "id": "node/13339719694"
    },
    {
      "type": "Feature",
      "properties": {
        "@id": "node/13359184005",
        "amenity": "fuel",
        "brand": "Pertamina",
        "brand:wikidata": "Q1641044",
        "name": "Pertamina"
      },
      "geometry": {
        "type": "Point",
        "coordinates": [
          106.7229775,
          -6.2298756
        ]
      },
      "id": "node/13359184005"
    },
    {
      "type": "Feature",
      "properties": {
        "@id": "node/13359184306",
        "amenity": "fuel",
        "brand": "Shell",
        "brand:wikidata": "Q110716465",
        "name": "Shell"
      },
      "geometry": {
        "type": "Point",
        "coordinates": [
          106.714415,
          -6.2267613
        ]
      },
      "id": "node/13359184306"
    },
    {
      "type": "Feature",
      "properties": {
        "@id": "node/13361269702",
        "addr:housenumber": "No.06",
        "addr:postcode": "15418",
        "addr:street": "Jalan Cabe Raya",
        "amenity": "fuel",
        "name": "SPBU Shell Pondok Cabe",
        "opening_hours": "Mo-Su 06:00-22:00"
      },
      "geometry": {
        "type": "Point",
        "coordinates": [
          106.7651078,
          -6.3469855
        ]
      },
      "id": "node/13361269702"
    },
    {
      "type": "Feature",
      "properties": {
        "@id": "node/13368863801",
        "amenity": "fuel",
        "brand": "Pertamina",
        "brand:wikidata": "Q1641044",
        "name": "Pertamina"
      },
      "geometry": {
        "type": "Point",
        "coordinates": [
          106.4817753,
          -6.2778319
        ]
      },
      "id": "node/13368863801"
    },
    {
      "type": "Feature",
      "properties": {
        "@id": "node/13381840529",
        "amenity": "fuel",
        "brand": "Pertamina",
        "brand:wikidata": "Q1641044",
        "name": "Pertamina"
      },
      "geometry": {
        "type": "Point",
        "coordinates": [
          107.4763625,
          -6.8187418
        ]
      },
      "id": "node/13381840529"
    },
    {
      "type": "Feature",
      "properties": {
        "@id": "node/13394308083",
        "amenity": "fuel",
        "brand": "BP",
        "name": "BP",
        "opening_hours": "24/7",
        "operator": "Aneka Petroindo Raya"
      },
      "geometry": {
        "type": "Point",
        "coordinates": [
          106.7044416,
          -6.2001176
        ]
      },
      "id": "node/13394308083"
    },
    {
      "type": "Feature",
      "properties": {
        "@id": "node/13412509828",
        "amenity": "fuel"
      },
      "geometry": {
        "type": "Point",
        "coordinates": [
          106.0526444,
          -6.0193704
        ]
      },
      "id": "node/13412509828"
    },
    {
      "type": "Feature",
      "properties": {
        "@id": "node/13418219331",
        "amenity": "fuel"
      },
      "geometry": {
        "type": "Point",
        "coordinates": [
          105.9807437,
          -6.0137511
        ]
      },
      "id": "node/13418219331"
    },
    {
      "type": "Feature",
      "properties": {
        "@id": "node/13418219371",
        "amenity": "fuel"
      },
      "geometry": {
        "type": "Point",
        "coordinates": [
          105.976404,
          -6.0154756
        ]
      },
      "id": "node/13418219371"
    },
    {
      "type": "Feature",
      "properties": {
        "@id": "node/13418226935",
        "amenity": "fuel"
      },
      "geometry": {
        "type": "Point",
        "coordinates": [
          106.0215266,
          -6.010074
        ]
      },
      "id": "node/13418226935"
    },
    {
      "type": "Feature",
      "properties": {
        "@id": "node/13432952878",
        "amenity": "fuel",
        "branch": "Citraland",
        "brand": "Shell",
        "brand:wikidata": "Q110716465",
        "fuel:octane_92": "yes",
        "fuel:octane_95": "yes",
        "name": "Shell",
        "opening_hours": "Mo-Su 06:00-22:00"
      },
      "geometry": {
        "type": "Point",
        "coordinates": [
          108.558751,
          -6.7558369
        ]
      },
      "id": "node/13432952878"
    },
    {
      "type": "Feature",
      "properties": {
        "@id": "node/13457283801",
        "addr:street": "Jalan Utan Jati",
        "amenity": "fuel",
        "name": "BP"
      },
      "geometry": {
        "type": "Point",
        "coordinates": [
          106.7066724,
          -6.1453118
        ]
      },
      "id": "node/13457283801"
    },
    {
      "type": "Feature",
      "properties": {
        "@id": "node/13457284601",
        "addr:street": "Jalan Peta Selatan",
        "amenity": "fuel",
        "name": "Shell"
      },
      "geometry": {
        "type": "Point",
        "coordinates": [
          106.7025981,
          -6.1470355
        ]
      },
      "id": "node/13457284601"
    },
    {
      "type": "Feature",
      "properties": {
        "@id": "node/13457375202",
        "amenity": "fuel",
        "name": "Shell"
      },
      "geometry": {
        "type": "Point",
        "coordinates": [
          106.7025887,
          -6.1470541
        ]
      },
      "id": "node/13457375202"
    },
    {
      "type": "Feature",
      "properties": {
        "@id": "node/13457385101",
        "amenity": "fuel",
        "name": "BP"
      },
      "geometry": {
        "type": "Point",
        "coordinates": [
          106.7066706,
          -6.1453709
        ]
      },
      "id": "node/13457385101"
    },
    {
      "type": "Feature",
      "properties": {
        "@id": "node/13526291947",
        "amenity": "fuel"
      },
      "geometry": {
        "type": "Point",
        "coordinates": [
          106.5288844,
          -6.2455302
        ]
      },
      "id": "node/13526291947"
    },
    {
      "type": "Feature",
      "properties": {
        "@id": "node/13529699572",
        "amenity": "fuel",
        "brand": "BP",
        "brand:wikidata": "Q152057",
        "name": "BP"
      },
      "geometry": {
        "type": "Point",
        "coordinates": [
          106.9493581,
          -6.3899547
        ]
      },
      "id": "node/13529699572"
    },
    {
      "type": "Feature",
      "properties": {
        "@id": "node/13529699588",
        "amenity": "fuel",
        "brand": "Pertamina",
        "brand:wikidata": "Q1641044",
        "name": "Pertamina"
      },
      "geometry": {
        "type": "Point",
        "coordinates": [
          106.9559579,
          -6.3923922
        ]
      },
      "id": "node/13529699588"
    },
    {
      "type": "Feature",
      "properties": {
        "@id": "node/13535584898",
        "amenity": "fuel",
        "brand": "Pertamina",
        "brand:website": "https://www.pertamina.com",
        "brand:wikidata": "Q1641044",
        "capacity": "6",
        "fuel:diesel": "yes",
        "fuel:octane_90": "yes",
        "fuel:octane_92": "yes",
        "fuel:octane_98": "yes",
        "full_service": "yes",
        "name": "SPBU Pertamina",
        "payment:cash": "yes",
        "payment:my_pertamina_app": "yes",
        "ref": "34.451.50"
      },
      "geometry": {
        "type": "Point",
        "coordinates": [
          108.5411983,
          -6.7106942
        ]
      },
      "id": "node/13535584898"
    },
    {
      "type": "Feature",
      "properties": {
        "@id": "node/13539946519",
        "amenity": "fuel",
        "brand": "Pertamina",
        "brand:website": "https://www.pertamina.com",
        "brand:wikidata": "Q1641044",
        "fuel:octane_90": "yes",
        "fuel:octane_92": "yes",
        "fuel:octane_98": "yes",
        "full_service": "yes",
        "loc_name": "SPBU Perumnas",
        "name": "SPBU Pertamina",
        "payment:cash": "yes",
        "payment:my_pertamina_app": "yes",
        "ref": "34.451.59"
      },
      "geometry": {
        "type": "Point",
        "coordinates": [
          108.5579943,
          -6.7573079
        ]
      },
      "id": "node/13539946519"
    },
    {
      "type": "Feature",
      "properties": {
        "@id": "node/13539946520",
        "amenity": "fuel",
        "brand": "Pertamina",
        "brand:website": "https://www.pertamina.com",
        "brand:wikidata": "Q1641044",
        "fuel:diesel": "yes",
        "fuel:octane_90": "yes",
        "fuel:octane_92": "yes",
        "full_service": "yes",
        "name": "SPBU Pertamina",
        "payment:cash": "yes",
        "ref": "34.451.20"
      },
      "geometry": {
        "type": "Point",
        "coordinates": [
          108.586826,
          -6.7465279
        ]
      },
      "id": "node/13539946520"
    },
    {
      "type": "Feature",
      "properties": {
        "@id": "node/13539946521",
        "amenity": "fuel",
        "brand": "Pertamina",
        "brand:website": "https://www.pertamina.com",
        "brand:wikidata": "Q1641044",
        "fuel:diesel": "yes",
        "fuel:octane_90": "yes",
        "fuel:octane_92": "yes",
        "fuel:octane_98": "yes",
        "full_service": "yes",
        "name": "SPBU Pertamina",
        "payment:cash": "yes",
        "payment:my_pertamina_app": "yes",
        "ref": "34.451.01"
      },
      "geometry": {
        "type": "Point",
        "coordinates": [
          108.5693166,
          -6.7422558
        ]
      },
      "id": "node/13539946521"
    },
    {
      "type": "Feature",
      "properties": {
        "@id": "node/13539946522",
        "amenity": "fuel",
        "brand": "Pertamina",
        "brand:website": "https://www.pertamina.com",
        "brand:wikidata": "Q1641044",
        "fuel:octane_90": "yes",
        "fuel:octane_92": "yes",
        "full_service": "yes",
        "name": "SPBU Pertamina",
        "opening_hours": "24/7",
        "payment:cash": "yes",
        "payment:my_pertamina_app": "yes",
        "ref": "34.451.45"
      },
      "geometry": {
        "type": "Point",
        "coordinates": [
          108.5621631,
          -6.7349753
        ]
      },
      "id": "node/13539946522"
    },
    {
      "type": "Feature",
      "properties": {
        "@id": "node/13539946523",
        "amenity": "fuel",
        "brand": "Pertamina",
        "brand:website": "https://www.pertamina.com",
        "brand:wikidata": "Q1641044",
        "fuel:diesel": "yes",
        "fuel:octane_90": "yes",
        "fuel:octane_92": "yes",
        "fuel:octane_98": "yes",
        "full_service": "yes",
        "name": "SPBU Pertamina",
        "payment:cash": "yes",
        "payment:my_pertamina_app": "yes",
        "ref": "34.451.52"
      },
      "geometry": {
        "type": "Point",
        "coordinates": [
          108.5265655,
          -6.74879
        ]
      },
      "id": "node/13539946523"
    },
    {
      "type": "Feature",
      "properties": {
        "@id": "node/13539946524",
        "amenity": "fuel",
        "brand": "Pertamina",
        "brand:website": "https://www.pertamina.com",
        "brand:wikidata": "Q1641044",
        "fuel:diesel": "yes",
        "fuel:octane_90": "yes",
        "fuel:octane_92": "yes",
        "fuel:octane_98": "yes",
        "full_service": "yes",
        "name": "SPBU Pertamina",
        "payment:cash": "yes",
        "payment:my_pertamina_app": "yes",
        "ref": "34.45.107"
      },
      "geometry": {
        "type": "Point",
        "coordinates": [
          108.5800648,
          -6.7360311
        ]
      },
      "id": "node/13539946524"
    },
    {
      "type": "Feature",
      "properties": {
        "@id": "node/13539946525",
        "amenity": "fuel",
        "brand": "Pertamina",
        "brand:website": "https://www.pertamina.com",
        "brand:wikidata": "Q1641044",
        "capacity": "8",
        "fuel:diesel": "yes",
        "fuel:octane_90": "yes",
        "fuel:octane_92": "yes",
        "fuel:octane_98": "yes",
        "full_service": "yes",
        "loc_name": "SPBU Krucuk",
        "name": "SPBU Pertamina",
        "payment:cash": "yes",
        "payment:my_pertamina_app": "yes",
        "ref": "34.451.49"
      },
      "geometry": {
        "type": "Point",
        "coordinates": [
          108.5551659,
          -6.6982018
        ]
      },
      "id": "node/13539946525"
    },
    {
      "type": "Feature",
      "properties": {
        "@id": "node/13539946577",
        "amenity": "fuel",
        "brand": "Pertamina",
        "brand:website": "https://www.pertamina.com",
        "brand:wikidata": "Q1641044",
        "capacity": "6",
        "fuel:diesel": "yes",
        "fuel:octane_90": "yes",
        "fuel:octane_92": "yes",
        "fuel:octane_98": "yes",
        "full_service": "yes",
        "name": "SPBU Pertamina",
        "payment:cash": "yes",
        "payment:my_pertamina_app": "yes",
        "ref": "34.451.12"
      },
      "geometry": {
        "type": "Point",
        "coordinates": [
          108.5353678,
          -6.710413
        ]
      },
      "id": "node/13539946577"
    },
    {
      "type": "Feature",
      "properties": {
        "@id": "node/13685972278",
        "amenity": "fuel",
        "fuel:octane_92": "yes",
        "fuel:octane_95": "yes",
        "name": "SPBU Jalaksana 34.45517",
        "operator": "Pertamina"
      },
      "geometry": {
        "type": "Point",
        "coordinates": [
          108.486977,
          -6.9258187
        ]
      },
      "id": "node/13685972278"
    },
    {
      "type": "Feature",
      "properties": {
        "@id": "node/13686002317",
        "amenity": "fuel"
      },
      "geometry": {
        "type": "Point",
        "coordinates": [
          108.5401829,
          -6.9480165
        ]
      },
      "id": "node/13686002317"
    },
    {
      "type": "Feature",
      "properties": {
        "@id": "node/13686287219",
        "amenity": "fuel",
        "brand": "Pertamina",
        "brand:website": "https://www.pertamina.com",
        "brand:wikidata": "Q1641044",
        "compressed_air": "yes",
        "fuel:octane_92": "yes",
        "fuel:octane_98": "yes",
        "full_service": "yes",
        "loc_name": "SPBU Ciperna",
        "name": "SPBU Pertamina",
        "operator": "Pertamina",
        "payment:cash": "yes",
        "ref": "34.45.143",
        "website": "https://mypertamina.id"
      },
      "geometry": {
        "type": "Point",
        "coordinates": [
          108.5203031,
          -6.7733328
        ]
      },
      "id": "node/13686287219"
    },
    {
      "type": "Feature",
      "properties": {
        "@id": "node/13686302316",
        "amenity": "fuel"
      },
      "geometry": {
        "type": "Point",
        "coordinates": [
          108.4845657,
          -6.9749836
        ]
      },
      "id": "node/13686302316"
    },
    {
      "type": "Feature",
      "properties": {
        "@id": "node/13707415092",
        "amenity": "fuel",
        "fuel:octane_92": "Yes",
        "name": "Pertashop",
        "ref": "3P.45315"
      },
      "geometry": {
        "type": "Point",
        "coordinates": [
          107.8954941,
          -6.838466
        ]
      },
      "id": "node/13707415092"
    },
    {
      "type": "Feature",
      "properties": {
        "@id": "node/13707453645",
        "amenity": "fuel",
        "fuel:diesel": "yes",
        "fuel:octane_90": "Yes",
        "fuel:octane_92": "Yes",
        "name": "Pertamina"
      },
      "geometry": {
        "type": "Point",
        "coordinates": [
          107.897721,
          -6.8629652
        ]
      },
      "id": "node/13707453645"
    },
    {
      "type": "Feature",
      "properties": {
        "@id": "node/13710086856",
        "amenity": "fuel",
        "brand": "Pertamina",
        "fuel:biodiesel": "yes",
        "fuel:diesel": "no",
        "fuel:octane_90": "yes",
        "fuel:octane_92": "yes",
        "fuel:octane_95": "no",
        "fuel:octane_98": "no",
        "name": "Pertamina",
        "ref": "34.41219"
      },
      "geometry": {
        "type": "Point",
        "coordinates": [
          107.7965937,
          -6.7403946
        ]
      },
      "id": "node/13710086856"
    },
    {
      "type": "Feature",
      "properties": {
        "@id": "node/13719993310",
        "amenity": "fuel",
        "brand": "Pertamina",
        "brand:wikidata": "Q1641044",
        "name": "Pertamina"
      },
      "geometry": {
        "type": "Point",
        "coordinates": [
          107.234842,
          -6.3506461
        ]
      },
      "id": "node/13719993310"
    },
    {
      "type": "Feature",
      "properties": {
        "@id": "node/13741805801",
        "amenity": "fuel",
        "name": "bp Ultimate"
      },
      "geometry": {
        "type": "Point",
        "coordinates": [
          106.8013849,
          -6.1757306
        ]
      },
      "id": "node/13741805801"
    },
    {
      "type": "Feature",
      "properties": {
        "@id": "node/13783914455",
        "amenity": "fuel",
        "compressed_air": "yes",
        "name": "Petrashop 3P.16102"
      },
      "geometry": {
        "type": "Point",
        "coordinates": [
          106.7862982,
          -6.5341877
        ]
      },
      "id": "node/13783914455"
    },
    {
      "type": "Feature",
      "properties": {
        "@id": "node/13796130757",
        "addr:street": "Jalan Soekarno-Hatta",
        "amenity": "fuel",
        "branch": "Mekarmulya",
        "brand": "Pertamina",
        "brand:wikidata": "Q1641044",
        "fuel:diesel": "yes",
        "fuel:octane_90": "yes",
        "fuel:octane_92": "yes",
        "fuel:octane_95": "no",
        "fuel:octane_98": "yes",
        "name": "Pertamina",
        "opening_hours": "Mo-Su 00:00-23:59",
        "ref": "34.406.03"
      },
      "geometry": {
        "type": "Point",
        "coordinates": [
          107.7006288,
          -6.9362243
        ]
      },
      "id": "node/13796130757"
    },
    {
      "type": "Feature",
      "properties": {
        "@id": "node/13898919958",
        "amenity": "fuel",
        "brand": "Mobil",
        "fuel:octane_92": "yes",
        "name": "Mobil",
        "opening_hours": "24/7"
      },
      "geometry": {
        "type": "Point",
        "coordinates": [
          106.7205477,
          -6.4496493
        ]
      },
      "id": "node/13898919958"
    },
    {
      "type": "Feature",
      "properties": {
        "@id": "node/13917049868",
        "addr:district": "Indihiang",
        "amenity": "fuel",
        "name": "SPBU 34-46101"
      },
      "geometry": {
        "type": "Point",
        "coordinates": [
          108.1932429,
          -7.2743656
        ]
      },
      "id": "node/13917049868"
    },
    {
      "type": "Feature",
      "properties": {
        "@id": "node/13917417655",
        "amenity": "fuel",
        "name": "SPBU 34-46114"
      },
      "geometry": {
        "type": "Point",
        "coordinates": [
          108.1988466,
          -7.3147095
        ]
      },
      "id": "node/13917417655"
    },
    {
      "type": "Feature",
      "properties": {
        "@id": "node/13917797514",
        "amenity": "fuel",
        "name": "SPBU 34-46118"
      },
      "geometry": {
        "type": "Point",
        "coordinates": [
          108.2066511,
          -7.3286611
        ]
      },
      "id": "node/13917797514"
    },
    {
      "type": "Feature",
      "properties": {
        "@id": "node/13932654501",
        "amenity": "fuel",
        "name": "SPBU Cicadas",
        "opening_hours": "24/7"
      },
      "geometry": {
        "type": "Point",
        "coordinates": [
          107.7488465,
          -6.5528866
        ]
      },
      "id": "node/13932654501"
    },
    {
      "type": "Feature",
      "properties": {
        "@id": "node/13955736801",
        "amenity": "fuel",
        "name": "BP AKR"
      },
      "geometry": {
        "type": "Point",
        "coordinates": [
          106.9620682,
          -6.1722805
        ]
      },
      "id": "node/13955736801"
    },
    {
      "type": "Feature",
      "properties": {
        "@id": "node/13955771545",
        "amenity": "fuel",
        "brand": "Mobil",
        "fuel:octane_92": "yes",
        "name": "Mobil",
        "operator": "Mobil"
      },
      "geometry": {
        "type": "Point",
        "coordinates": [
          106.6606678,
          -6.3133407
        ]
      },
      "id": "node/13955771545"
    },
    {
      "type": "Feature",
      "properties": {
        "@id": "node/13966393201",
        "amenity": "fuel",
        "check_date": "2026-06-25",
        "name": "Pertamina"
      },
      "geometry": {
        "type": "Point",
        "coordinates": [
          106.9898752,
          -6.1619971
        ]
      },
      "id": "node/13966393201"
    },
    {
      "type": "Feature",
      "properties": {
        "@id": "node/13980324892",
        "amenity": "fuel",
        "brand": "BP",
        "brand:wikidata": "Q152057",
        "name": "BP"
      },
      "geometry": {
        "type": "Point",
        "coordinates": [
          106.8361941,
          -6.320936
        ]
      },
      "id": "node/13980324892"
    },
    {
      "type": "Feature",
      "properties": {
        "@id": "node/13982916016",
        "amenity": "fuel",
        "building": "roof"
      },
      "geometry": {
        "type": "Point",
        "coordinates": [
          107.091002,
          -6.801984
        ]
      },
      "id": "node/13982916016"
    },
    {
      "type": "Feature",
      "properties": {
        "@id": "node/13982916018",
        "amenity": "fuel",
        "building": "roof"
      },
      "geometry": {
        "type": "Point",
        "coordinates": [
          107.4627525,
          -6.5732342
        ]
      },
      "id": "node/13982916018"
    },
    {
      "type": "Feature",
      "properties": {
        "@id": "node/13982916346",
        "amenity": "fuel",
        "building": "roof"
      },
      "geometry": {
        "type": "Point",
        "coordinates": [
          107.1253864,
          -6.8106993
        ]
      },
      "id": "node/13982916346"
    },
    {
      "type": "Feature",
      "properties": {
        "@id": "node/13982918882",
        "amenity": "fuel",
        "building": "roof"
      },
      "geometry": {
        "type": "Point",
        "coordinates": [
          107.547585,
          -6.6668073
        ]
      },
      "id": "node/13982918882"
    },
    {
      "type": "Feature",
      "properties": {
        "@id": "node/13982922157",
        "amenity": "fuel",
        "building": "roof"
      },
      "geometry": {
        "type": "Point",
        "coordinates": [
          107.41448,
          -6.6030423
        ]
      },
      "id": "node/13982922157"
    },
    {
      "type": "Feature",
      "properties": {
        "@id": "node/13982926753",
        "amenity": "fuel",
        "building": "roof"
      },
      "geometry": {
        "type": "Point",
        "coordinates": [
          107.2261674,
          -6.7661662
        ]
      },
      "id": "node/13982926753"
    },
    {
      "type": "Feature",
      "properties": {
        "@id": "node/13982935764",
        "amenity": "fuel",
        "building": "roof"
      },
      "geometry": {
        "type": "Point",
        "coordinates": [
          107.1069372,
          -6.8022452
        ]
      },
      "id": "node/13982935764"
    },
    {
      "type": "Feature",
      "properties": {
        "@id": "node/13982935765",
        "amenity": "fuel",
        "building": "roof"
      },
      "geometry": {
        "type": "Point",
        "coordinates": [
          107.4840577,
          -6.5998658
        ]
      },
      "id": "node/13982935765"
    },
    {
      "type": "Feature",
      "properties": {
        "@id": "node/13982944467",
        "amenity": "fuel",
        "building": "roof"
      },
      "geometry": {
        "type": "Point",
        "coordinates": [
          107.0513619,
          -6.7620206
        ]
      },
      "id": "node/13982944467"
    },
    {
      "type": "Feature",
      "properties": {
        "@id": "node/13982945505",
        "amenity": "fuel",
        "building": "roof"
      },
      "geometry": {
        "type": "Point",
        "coordinates": [
          107.4253512,
          -6.5954462
        ]
      },
      "id": "node/13982945505"
    },
    {
      "type": "Feature",
      "properties": {
        "@id": "node/13985884280",
        "amenity": "fuel",
        "building": "roof"
      },
      "geometry": {
        "type": "Point",
        "coordinates": [
          107.6379289,
          -6.9525113
        ]
      },
      "id": "node/13985884280"
    },
    {
      "type": "Feature",
      "properties": {
        "@id": "node/13985884435",
        "amenity": "fuel",
        "building": "roof"
      },
      "geometry": {
        "type": "Point",
        "coordinates": [
          107.8028758,
          -7.0139794
        ]
      },
      "id": "node/13985884435"
    },
    {
      "type": "Feature",
      "properties": {
        "@id": "node/13985884695",
        "amenity": "fuel",
        "building": "roof"
      },
      "geometry": {
        "type": "Point",
        "coordinates": [
          107.7771293,
          -7.0356101
        ]
      },
      "id": "node/13985884695"
    },
    {
      "type": "Feature",
      "properties": {
        "@id": "node/13985894468",
        "amenity": "fuel",
        "building": "roof"
      },
      "geometry": {
        "type": "Point",
        "coordinates": [
          108.08737,
          -7.3711811
        ]
      },
      "id": "node/13985894468"
    },
    {
      "type": "Feature",
      "properties": {
        "@id": "node/13985895069",
        "amenity": "fuel",
        "building": "roof"
      },
      "geometry": {
        "type": "Point",
        "coordinates": [
          107.8959577,
          -7.1167796
        ]
      },
      "id": "node/13985895069"
    },
    {
      "type": "Feature",
      "properties": {
        "@id": "node/13985895224",
        "amenity": "fuel",
        "building": "roof"
      },
      "geometry": {
        "type": "Point",
        "coordinates": [
          108.1882884,
          -7.3463084
        ]
      },
      "id": "node/13985895224"
    },
    {
      "type": "Feature",
      "properties": {
        "@id": "node/13985896098",
        "amenity": "fuel",
        "building": "roof"
      },
      "geometry": {
        "type": "Point",
        "coordinates": [
          107.7822808,
          -7.0327207
        ]
      },
      "id": "node/13985896098"
    },
    {
      "type": "Feature",
      "properties": {
        "@id": "node/13985901057",
        "amenity": "fuel",
        "building": "roof"
      },
      "geometry": {
        "type": "Point",
        "coordinates": [
          108.161618,
          -7.342701
        ]
      },
      "id": "node/13985901057"
    },
    {
      "type": "Feature",
      "properties": {
        "@id": "node/13985908145",
        "amenity": "fuel",
        "building": "roof"
      },
      "geometry": {
        "type": "Point",
        "coordinates": [
          107.7230577,
          -7.0093557
        ]
      },
      "id": "node/13985908145"
    },
    {
      "type": "Feature",
      "properties": {
        "@id": "node/13985908209",
        "amenity": "fuel",
        "building": "roof"
      },
      "geometry": {
        "type": "Point",
        "coordinates": [
          107.6399759,
          -6.8295596
        ]
      },
      "id": "node/13985908209"
    },
    {
      "type": "Feature",
      "properties": {
        "@id": "node/13985908247",
        "amenity": "fuel",
        "building": "roof"
      },
      "geometry": {
        "type": "Point",
        "coordinates": [
          107.899336,
          -7.1476241
        ]
      },
      "id": "node/13985908247"
    },
    {
      "type": "Feature",
      "properties": {
        "@id": "node/13985909773",
        "amenity": "fuel",
        "building": "roof"
      },
      "geometry": {
        "type": "Point",
        "coordinates": [
          107.914185,
          -7.2695726
        ]
      },
      "id": "node/13985909773"
    },
    {
      "type": "Feature",
      "properties": {
        "@id": "node/13985912592",
        "amenity": "fuel",
        "building": "roof"
      },
      "geometry": {
        "type": "Point",
        "coordinates": [
          107.6631172,
          -6.9602487
        ]
      },
      "id": "node/13985912592"
    },
    {
      "type": "Feature",
      "properties": {
        "@id": "node/13985912802",
        "amenity": "fuel",
        "building": "roof"
      },
      "geometry": {
        "type": "Point",
        "coordinates": [
          107.9076086,
          -7.2370584
        ]
      },
      "id": "node/13985912802"
    },
    {
      "type": "Feature",
      "properties": {
        "@id": "node/13987974548",
        "amenity": "fuel"
      },
      "geometry": {
        "type": "Point",
        "coordinates": [
          108.2727579,
          -7.3548038
        ]
      },
      "id": "node/13987974548"
    },
    {
      "type": "Feature",
      "properties": {
        "@id": "node/13987980986",
        "amenity": "fuel",
        "building": "roof"
      },
      "geometry": {
        "type": "Point",
        "coordinates": [
          108.776484,
          -7.298542
        ]
      },
      "id": "node/13987980986"
    },
    {
      "type": "Feature",
      "properties": {
        "@id": "node/13987981092",
        "amenity": "fuel",
        "building": "roof"
      },
      "geometry": {
        "type": "Point",
        "coordinates": [
          108.3008711,
          -7.3491361
        ]
      },
      "id": "node/13987981092"
    },
    {
      "type": "Feature",
      "properties": {
        "@id": "node/13987982561",
        "amenity": "fuel",
        "building": "roof"
      },
      "geometry": {
        "type": "Point",
        "coordinates": [
          108.6759371,
          -7.3337065
        ]
      },
      "id": "node/13987982561"
    },
    {
      "type": "Feature",
      "properties": {
        "@id": "node/13987991455",
        "amenity": "fuel",
        "building": "roof"
      },
      "geometry": {
        "type": "Point",
        "coordinates": [
          108.4620461,
          -7.3730362
        ]
      },
      "id": "node/13987991455"
    },
    {
      "type": "Feature",
      "properties": {
        "@id": "node/13987997973",
        "amenity": "fuel",
        "building": "roof"
      },
      "geometry": {
        "type": "Point",
        "coordinates": [
          108.7541432,
          -7.3014501
        ]
      },
      "id": "node/13987997973"
    },
    {
      "type": "Feature",
      "properties": {
        "@id": "node/13987997974",
        "amenity": "fuel",
        "building": "roof"
      },
      "geometry": {
        "type": "Point",
        "coordinates": [
          108.7930079,
          -7.3059086
        ]
      },
      "id": "node/13987997974"
    },
    {
      "type": "Feature",
      "properties": {
        "@id": "node/14008530088",
        "amenity": "fuel",
        "brand": "BP",
        "brand:wikidata": "Q152057",
        "fuel:diesel": "yes",
        "fuel:gasoline": "yes",
        "fuel:octane_92": "yes",
        "fuel:octane_95": "yes",
        "man_made": "fuel_pump",
        "name": "BP",
        "operator": "BP"
      },
      "geometry": {
        "type": "Point",
        "coordinates": [
          106.9493765,
          -6.3862183
        ]
      },
      "id": "node/14008530088"
    },
    {
      "type": "Feature",
      "properties": {
        "@id": "node/14042246702",
        "amenity": "fuel",
        "name": "POM Mini"
      },
      "geometry": {
        "type": "Point",
        "coordinates": [
          106.9260349,
          -6.9165398
        ]
      },
      "id": "node/14042246702"
    },
    {
      "type": "Feature",
      "properties": {
        "@id": "node/14049007078",
        "amenity": "fuel",
        "building": "roof"
      },
      "geometry": {
        "type": "Point",
        "coordinates": [
          106.0073632,
          -5.9122202
        ]
      },
      "id": "node/14049007078"
    }
  ]
}